rule,description,count
missing-argument,"missing-argument: No arguments provided for required parameters `schema_id`, `schema_version`",212
invalid-argument-type,"invalid-argument-type: Argument to function `confirm_invoice_draft_from_evidence` is incorrect: Expected `str | None`, found `object`",205
invalid-argument-type,"invalid-argument-type: Argument to function `confirm_invoice_draft_from_evidence` is incorrect: Expected `Decimal | None`, found `object`",199
unresolved-attribute,unresolved-attribute: Class `IvaCategory` has no attribute `DOMESTIC_GENERAL`,188
missing-argument,missing-argument: No argument provided for required parameter `ports` of function `create_work_unit`,182
unresolved-attribute,unresolved-attribute: Class `IVARegime` has no attribute `GENERAL`,170
unresolved-attribute,unresolved-attribute: Class `IvaRateKind` has no attribute `GENERAL`,168
unknown-argument,unknown-argument: Argument `repository` does not match any known parameter of function `create_work_unit`,153
unresolved-attribute,unresolved-attribute: Class `IvaTerritorialScope` has no attribute `ES_MAINLAND`,147
missing-argument,missing-argument: No argument provided for required parameter `ports` of function `calculate_modelo_revision`,127
unknown-argument,unknown-argument: Argument `work_unit_repository` does not match any known parameter of function `calculate_modelo_revision`,124
unknown-argument,unknown-argument: Argument `calculation_repository` does not match any known parameter of function `calculate_modelo_revision`,122
missing-argument,"missing-argument: No arguments provided for required parameters `profile_create_context`, `profile_decode_context` of function `register_profile_with_credentials`",117
unknown-argument,unknown-argument: Argument `bucket_event_repository` does not match any known parameter of function `calculate_modelo_revision`,115
unresolved-attribute,unresolved-attribute: Class `IvaRate` has no attribute `RATE_21`,110
unresolved-attribute,unresolved-attribute: Class `ProrrataRegisterRegime` has no attribute `GENERAL`,109
unresolved-attribute,unresolved-attribute: Class `IvaCategory` has no attribute `INTRA_COMMUNITY_SUPPLY`,104
missing-argument,missing-argument: No argument provided for required parameter `ports` of function `calculate_modelo_revision_from_bucket_aggregation_with_diagnostics`,93
unknown-argument,unknown-argument: Argument `calculation_repository` does not match any known parameter of function `calculate_modelo_revision_from_bucket_aggregation_with_diagnostics`,91
unknown-argument,unknown-argument: Argument `work_unit_repository` does not match any known parameter of function `calculate_modelo_revision_from_bucket_aggregation_with_diagnostics`,91
unresolved-attribute,unresolved-attribute: Class `EUMemberState` has no attribute `DE`,90
missing-argument,missing-argument: No argument provided for required parameter `ports` of function `create_manual_transaction`,84
unknown-argument,unknown-argument: Argument `transaction_repository` does not match any known parameter of function `create_manual_transaction`,81
unknown-argument,unknown-argument: Argument `bucket_event_repository` does not match any known parameter of function `create_manual_transaction`,80
unknown-argument,unknown-argument: Argument `transaction_repository` does not match any known parameter of function `calculate_modelo_revision_from_bucket_aggregation_with_diagnostics`,80
unresolved-attribute,unresolved-attribute: Class `IvaTerritorialScope` has no attribute `EU_MEMBER`,79
unresolved-attribute,unresolved-attribute: Class `IvaFlowDirection` has no attribute `REPERCUTIDO`,77
missing-argument,missing-argument: No argument provided for required parameter `profile_decode_context` of function `login_profile`,72
unresolved-attribute,unresolved-attribute: Class `EUMemberState` has no attribute `ES`,69
invalid-argument-type,"invalid-argument-type: Argument to function `confirm_invoice_draft_from_evidence` is incorrect: Expected `date | None`, found `object`",67
invalid-argument-type,"invalid-argument-type: Argument to function `confirm_invoice_draft_from_evidence` is incorrect: Expected `str`, found `object`",67
unresolved-attribute,unresolved-attribute: Class `IvaTerritorialScope` has no attribute `ES_CANARIAS`,64
missing-argument,missing-argument: No argument provided for required parameter `operation` of function `classify_iva`,62
unresolved-attribute,unresolved-attribute: Class `ProrrataProvisionalProvenance` has no attribute `CARRIED_PRIOR_DEFINITIVA`,62
unresolved-attribute,unresolved-attribute: Class `IvaCategory` has no attribute `DOMESTIC_EXEMPT`,59
unresolved-attribute,unresolved-attribute: Class `IvaDeductionFactKind` has no attribute `DOMESTIC_CURRENT`,59
unresolved-attribute,unresolved-attribute: Class `IvaFlowDirection` has no attribute `SOPORTADO`,58
missing-argument,"missing-argument: No arguments provided for required parameters `modelo`, `target_casilla_id`, `activity_category_matcher`, `employment_category_matcher` of function `aggregate_renta_income_ledger`",56
unresolved-attribute,unresolved-attribute: Class `EntityType` has no attribute `NATURAL_PERSON`,55
missing-argument,missing-argument: No argument provided for required parameter `operation` of function `build_overview_calendar`,52
unknown-argument,unknown-argument: Argument `invoice_repository` does not match any known parameter of function `calculate_modelo_revision_from_bucket_aggregation_with_diagnostics`,52
unresolved-attribute,unresolved-attribute: Class `IvaRateKind` has no attribute `REDUCED`,51
unresolved-attribute,unresolved-attribute: Class `CustomerTaxStatus` has no attribute `B2B_IVA_REGISTERED`,49
missing-argument,missing-argument: No argument provided for required parameter `operation` of function `territorial_scope_for_country`,47
unresolved-attribute,unresolved-attribute: Class `IvaCategory` has no attribute `EXPORT_THIRD_COUNTRY_ZERO_RATED`,47
unresolved-attribute,unresolved-attribute: Class `SpendingCategory` has no attribute `MATERIAL_OFICINA`,47
unresolved-attribute,unresolved-attribute: Class `SpendingCategory` has no attribute `TELEFONIA_MOVIL`,47
unresolved-attribute,unresolved-attribute: Class `IvaCategory` has no attribute `INTRA_COMMUNITY_ACQUISITION_REVERSE_CHARGE`,46
unresolved-attribute,unresolved-attribute: Class `IvaCategory` has no attribute `DOMESTIC_REVERSE_CHARGE`,45
missing-argument,missing-argument: No argument provided for required parameter `rate_provider` of function `build_catalogue_invoice`,43
unresolved-attribute,unresolved-attribute: Class `BienInversionKind` has no attribute `MUEBLE`,42
missing-argument,missing-argument: No argument provided for required parameter `operation` of function `verify_modelo_revision`,41
unresolved-attribute,unresolved-attribute: Class `IvaDeductionEvidenceAuthority` has no attribute `INVOICE_EVIDENCE`,41
unresolved-attribute,unresolved-attribute: Class `IvaFlowDirection` has no attribute `INVERSION_SUJETO_PASIVO`,40
unresolved-attribute,unresolved-attribute: Class `IvaRateKind` has no attribute `SUPER_REDUCED`,40
unknown-argument,unknown-argument: Argument `bucket_event_repository` does not match any known parameter of function `calculate_modelo_revision_from_bucket_aggregation_with_diagnostics`,39
unresolved-attribute,unresolved-attribute: Class `ProrrataRegisterRegime` has no attribute `ESPECIAL`,39
unresolved-attribute,unresolved-attribute: Class `IvaTerritorialScope` has no attribute `THIRD_COUNTRY`,38
unresolved-attribute,unresolved-attribute: Class `M303RegimeComposition` has no attribute `GENERAL`,37
unresolved-attribute,unresolved-attribute: Class `IvaCategory` has no attribute `DOMESTIC_REDUCED`,35
unresolved-attribute,unresolved-attribute: Class `M303TaxTerritory` has no attribute `COMMON_REGIME`,35
unresolved-attribute,unresolved-attribute: Class `SpendingCategory` has no attribute `SUMINISTROS_HOME_OFFICE_LUZ`,35
unresolved-attribute,unresolved-attribute: Class `TransactionKind` has no attribute `GOODS`,35
invalid-argument-type,"invalid-argument-type: Argument to function `confirm_invoice_draft_from_evidence` is incorrect: Expected `CatalogueCreationPorts`, found `object`",34
invalid-argument-type,"invalid-argument-type: Argument to function `confirm_invoice_draft_from_evidence` is incorrect: Expected `CounterpartyEstablishmentRepositoryProtocol`, found `object`",34
invalid-argument-type,"invalid-argument-type: Argument to function `confirm_invoice_draft_from_evidence` is incorrect: Expected `InvoiceConfirmationPorts`, found `object`",34
invalid-argument-type,"invalid-argument-type: Argument to function `confirm_invoice_draft_from_evidence` is incorrect: Expected `InvoiceDraftExtractionPorts`, found `object`",34
invalid-argument-type,"invalid-argument-type: Argument to function `confirm_invoice_draft_from_evidence` is incorrect: Expected `LedgerEvidencePorts`, found `object`",34
invalid-argument-type,"invalid-argument-type: Argument to function `confirm_invoice_draft_from_evidence` is incorrect: Expected `PinnedAuthorityOperation`, found `object`",34
invalid-argument-type,"invalid-argument-type: Argument to function `confirm_invoice_draft_from_evidence` is incorrect: Expected `SupplyNature | None`, found `object`",34
invalid-argument-type,"invalid-argument-type: Argument to function `confirm_invoice_draft_from_evidence` is incorrect: Expected `tuple[RegimeLegend, ...]`, found `object`",34
unresolved-attribute,unresolved-attribute: Class `SectorDiferenciadoLetra` has no attribute `A`,34
invalid-argument-type,"invalid-argument-type: Argument to function `confirm_invoice_draft_from_evidence` is incorrect: Expected `IntracomOperationType | None`, found `object`",33
invalid-argument-type,"invalid-argument-type: Argument to function `confirm_invoice_draft_from_evidence` is incorrect: Expected `IvaCategory | None`, found `object`",33
not-subscriptable,not-subscriptable: Cannot subscript object of type `object` with no `__getitem__` method,33
invalid-argument-type,"invalid-argument-type: Argument to function `confirm_invoice_draft_from_evidence` is incorrect: Expected `InvoiceClass | None`, found `object`",32
missing-argument,missing-argument: No argument provided for required parameter `ports` of function `get_calculation_revision`,32
missing-argument,missing-argument: No argument provided for required parameter `profile_decode_context` of bound method `ProfileRecordSession.from_envelope`,32
unresolved-attribute,unresolved-attribute: Class `CustomerTaxStatus` has no attribute `B2C_CONSUMER`,32
unresolved-attribute,unresolved-attribute: Class `EntityType` has no attribute `LEGAL_ENTITY`,32
unresolved-attribute,unresolved-attribute: Class `IvaCategory` has no attribute `DOMESTIC_SUPER_REDUCED`,31
unresolved-attribute,unresolved-attribute: Class `IvaRate` has no attribute `EXEMPT`,31
unresolved-attribute,unresolved-attribute: Class `SpendingCategory` has no attribute `GASTOS_BANCARIOS`,31
missing-argument,missing-argument: No argument provided for required parameter `operation` of function `resolve_profile_sourced_bindings`,29
invalid-argument-type,"invalid-argument-type: Argument to function `confirm_invoice_draft_from_evidence` is incorrect: Expected `Sequence[FindingResolution]`, found `object`",28
unresolved-attribute,unresolved-attribute: Class `DescendantRelacion` has no attribute `ADOPTADO`,28
unresolved-attribute,unresolved-attribute: Class `FiscalResidency` has no attribute `NON_RESIDENT_IRNR`,28
unresolved-attribute,unresolved-attribute: Class `InputClassification` has no attribute `COMMON`,28
unresolved-attribute,unresolved-attribute: Class `IvaDeductionFactKind` has no attribute `INTRA_EU_CURRENT`,28
missing-argument,missing-argument: No argument provided for required parameter `operation` of function `resolve_iva_ledger_binding_values`,27
unknown-argument,unknown-argument: Argument `calculation_repository` does not match any known parameter of function `get_calculation_revision`,27
missing-argument,missing-argument: No argument provided for required parameter `operation` of function `country_code_for_printed_country_name`,26
missing-argument,"missing-argument: No arguments provided for required parameters `certificate_secret_backend_factory`, `verification_repositories`, `operation` of function `verify_modelo_revision`",26
missing-argument,"missing-argument: No arguments provided for required parameters `ports`, `operation`, `legends` of function `extract_invoice_draft_from_evidence`",26
unresolved-attribute,unresolved-attribute: Class `EUMemberState` has no attribute `FR`,26
unknown-argument,unknown-argument: Argument `calculation_repository` does not match any known parameter of function `verify_modelo_revision`,25
unknown-argument,unknown-argument: Argument `work_unit_repository` does not match any known parameter of function `verify_modelo_revision`,25
unresolved-attribute,unresolved-attribute: Class `IvaCategory` has no attribute `INTRA_COMMUNITY_SERVICE_ACQUISITION_REVERSE_CHARGE`,25
unresolved-attribute,unresolved-attribute: Class `IvaRateKind` has no attribute `ZERO`,25
missing-argument,missing-argument: No argument provided for required parameter `operation` of function `assemble_classification_criteria`,24
missing-argument,missing-argument: No argument provided for required parameter `ports` of function `amend_modelo_revision`,24
missing-argument,"missing-argument: No arguments provided for required parameters `certificate_secret_backend_factory`, `ports` of function `file_modelo_revision`",24
unresolved-attribute,unresolved-attribute: Class `BienInversionDisposalRegime` has no attribute `SUJETA_NO_EXENTA`,24
unresolved-attribute,unresolved-attribute: Class `FiscalResidency` has no attribute `RESIDENT_IRPF`,24
unresolved-attribute,unresolved-attribute: Class `SpendingCategory` has no attribute `CUOTAS_AUTONOMOS_SS`,24
unresolved-attribute,unresolved-attribute: Class `TransactionKind` has no attribute `SERVICES_GENERAL`,24
unknown-argument,unknown-argument: Argument `calculation_repository` does not match any known parameter of function `amend_modelo_revision`,23
unknown-argument,unknown-argument: Argument `filing_repository` does not match any known parameter of function `amend_modelo_revision`,23
unknown-argument,unknown-argument: Argument `work_unit_repository` does not match any known parameter of function `amend_modelo_revision`,23
missing-argument,missing-argument: No argument provided for required parameter `ports` of function `update_manual_transaction_fields`,22
unknown-argument,unknown-argument: Argument `bucket_event_repository` does not match any known parameter of function `amend_modelo_revision`,22
unknown-argument,unknown-argument: Argument `transaction_repository` does not match any known parameter of function `update_manual_transaction_fields`,22
unresolved-attribute,unresolved-attribute: Class `IvaCashAccountingTreatment` has no attribute `SUPPLIER_REGIME`,22
unresolved-attribute,unresolved-attribute: Class `ProrrataProvisionalProvenance` has no attribute `AEAT_AUTORIZADA`,22
missing-argument,missing-argument: No argument provided for required parameter `ports` of function `attach_manual_transaction_evidence`,21
unknown-argument,unknown-argument: Argument `bucket_event_repository` does not match any known parameter of function `attach_manual_transaction_evidence`,21
unknown-argument,unknown-argument: Argument `bucket_event_repository` does not match any known parameter of function `update_manual_transaction_fields`,21
unknown-argument,unknown-argument: Argument `transaction_repository` does not match any known parameter of function `attach_manual_transaction_evidence`,21
unresolved-attribute,unresolved-attribute: Class `IrpfIncomeCategory` has no attribute `ACTIVIDAD_ECONOMICA`,21
unresolved-attribute,unresolved-attribute: Class `IvaCashAccountingTreatment` has no attribute `NONE`,21
unresolved-attribute,unresolved-attribute: Class `IvaCategory` has no attribute `RECARGO_EQUIVALENCIA`,21
unresolved-attribute,unresolved-attribute: Class `TransactionKind` has no attribute `OSS_UNION_SERVICES`,21
unsound-return-statement,unsound-return-statement: Unsound return statement: `Any` is not a subtype of `OperationPersistedSnapshot`,21
missing-argument,missing-argument: No argument provided for required parameter `operation` of function `territorial_scope_for_spanish_postal_code`,20
unresolved-attribute,unresolved-attribute: Class `IvaCategory` has no attribute `IMPORT_THIRD_COUNTRY`,20
unresolved-attribute,unresolved-attribute: Class `IvaTerritorialScope` has no attribute `ES_CEUTA_MELILLA`,20
unresolved-attribute,unresolved-attribute: Class `ProrrataEspecialTransitionKind` has no attribute `OPCION`,20
missing-argument,"missing-argument: No arguments provided for required parameters `legends`, `operation` of function `ground_draft_against_transcription`",19
unknown-argument,unknown-argument: Argument `bucket_event_repository` does not match any known parameter of function `create_work_unit`,19
unknown-argument,unknown-argument: Argument `bucket_event_repository` does not match any known parameter of function `verify_modelo_revision`,19
unresolved-attribute,unresolved-attribute: Class `IvaRate` has no attribute `RATE_10`,19
unresolved-attribute,unresolved-attribute: Class `OssIossRegime` has no attribute `UNION_SCHEME`,19
missing-argument,missing-argument: No argument provided for required parameter `objects` of `RetencionObservationRepositoryAdapter.__init__`,18
missing-argument,missing-argument: No argument provided for required parameter `ports` of function `get_work_unit`,18
unknown-argument,unknown-argument: Argument `calculation_repository` does not match any known parameter of function `file_modelo_revision`,18
unknown-argument,unknown-argument: Argument `filing_repository` does not match any known parameter of function `file_modelo_revision`,18
unknown-argument,unknown-argument: Argument `work_unit_repository` does not match any known parameter of function `file_modelo_revision`,18
unresolved-attribute,unresolved-attribute: Class `IrpfEstimationRegime` has no attribute `OBJETIVA`,18
unresolved-attribute,unresolved-attribute: Class `IvaCategory` has no attribute `DOMESTIC_ZERO`,18
unresolved-attribute,unresolved-attribute: Class `IvaCategory` has no attribute `OPERACION_NO_SUJETA`,18
missing-argument,missing-argument: No argument provided for required parameter `decision_repository` of function `reconcile_modelo_303_iva_compensation`,17
missing-argument,missing-argument: No argument provided for required parameter `operation` of function `identification_state_for_printed_tax_identifier`,17
missing-argument,missing-argument: No argument provided for required parameter `ports` of function `create_catalogue_invoice`,17
missing-argument,"missing-argument: No arguments provided for required parameters `modelo`, `target_casilla_id`, `accept_activity_marker` of function `aggregate_renta_gasto_ledger`",17
unknown-argument,unknown-argument: Argument `repository` does not match any known parameter of function `get_work_unit`,17
unknown-argument,unknown-argument: Argument `verification_repository` does not match any known parameter of function `verify_modelo_revision`,17
unresolved-attribute,unresolved-attribute: Class `IrpfEstimationRegime` has no attribute `DIRECTA_NORMAL`,17
unresolved-attribute,unresolved-attribute: Class `IvaCategory` has no attribute `DOMESTIC_NOT_SUBJECT`,17
unresolved-attribute,unresolved-attribute: Class `ProrrataKind` has no attribute `DEFINITIVA`,17
invalid-argument-type,"invalid-argument-type: Argument to function `decrypt_review_package_for_recipient` is incorrect: Expected `str`, found `X25519PrivateKey`",16
missing-argument,missing-argument: No argument provided for required parameter `operation` of function `country_vocabulary_advisory`,16
missing-argument,missing-argument: No argument provided for required parameter `ports` of function `aggregate_renta_ledger_expenses_from_repositories`,16
missing-argument,missing-argument: No argument provided for required parameter `ports` of function `persist_filed_calculation_observation`,16
unknown-argument,unknown-argument: Argument `transaction_repository` does not match any known parameter of function `aggregate_renta_ledger_expenses_from_repositories`,16
unresolved-attribute,unresolved-attribute: Class `IvaCategory` has no attribute `UNKNOWN`,16
unresolved-attribute,unresolved-attribute: Class `LegalEntityForm` has no attribute `SL`,16
unresolved-attribute,unresolved-attribute: Class `SpendingCategory` has no attribute `ASESORIA_FISCAL`,16
invalid-argument-type,"invalid-argument-type: Argument to `AggregationError.__init__` is incorrect: Expected `Translatable`, found `str`",15
missing-argument,missing-argument: No argument provided for required parameter `observation_repository` of function `import_external_filing_evidence`,15
missing-argument,missing-argument: No argument provided for required parameter `operation` of function `aggregate_iva_ledger_observations_from_repositories`,15
missing-argument,missing-argument: No argument provided for required parameter `ports` of function `enroll_filed_justificante_evidence`,15
missing-argument,"missing-argument: No arguments provided for required parameters `legends`, `operation` of function `resolve_draft_counterparty_establishment`",15
missing-argument,"missing-argument: No arguments provided for required parameters `settings`, `ports` of function `suggest_evidence_split`",15
unknown-argument,unknown-argument: Argument `invoice_repository` does not match any known parameter of function `aggregate_renta_ledger_expenses_from_repositories`,15
unknown-argument,unknown-argument: Argument `store` does not match any known parameter of function `enroll_filed_justificante_evidence`,15
unresolved-attribute,unresolved-attribute: Class `DescendantRelacion` has no attribute `ACOGIMIENTO_TEMPORAL`,15
unresolved-attribute,unresolved-attribute: Class `InvoiceClass` has no attribute `RECTIFICATIVA`,15
unresolved-attribute,unresolved-attribute: Class `InvoiceClass` has no attribute `SIMPLIFICADA`,15
unresolved-attribute,unresolved-attribute: Class `IvaRate` has no attribute `RATE_0`,15
unresolved-attribute,unresolved-attribute: Class `IvaRate` has no attribute `RATE_2`,15
invalid-argument-type,"invalid-argument-type: Argument to constructor `int.__new__` is incorrect: Expected `str | Buffer | SupportsInt | SupportsIndex | SupportsTrunc`, found `object`",14
missing-argument,missing-argument: No argument provided for required parameter `cash_accounting_treatment`,14
missing-argument,missing-argument: No argument provided for required parameter `certificate_secret_backend_factory` of function `set_operator_certificate_source_secret`,14
missing-argument,missing-argument: No argument provided for required parameter `context` of bound method `DescendantMaternityMixin.maternidad_contributing_meses`,14
missing-argument,missing-argument: No argument provided for required parameter `operation` of function `preflight_ledger_tax_readiness`,14
missing-argument,missing-argument: No argument provided for required parameter `ports` of function `discard_work_unit`,14
missing-argument,missing-argument: No argument provided for required parameter `ports` of function `import_ledger_source`,14
unknown-argument,unknown-argument: Argument `bucket_event_repository` does not match any known parameter of function `file_modelo_revision`,14
unknown-argument,unknown-argument: Argument `filing_repository` does not match any known parameter of function `verify_modelo_revision`,14
unresolved-attribute,unresolved-attribute: Class `IvaExemptionArticle` has no attribute `ART_20_UNO_8`,14
unresolved-attribute,unresolved-attribute: Class `RetencionClave` has no attribute `A`,14
unresolved-attribute,unresolved-attribute: Object of type `object` has no attribute `get`,14
unresolved-import,unresolved-import: Module `cadrumo.application.wizard.catalogue` has no member `SETUP_FLOW`,14
invalid-argument-type,"invalid-argument-type: Argument to function `_binding_input` is incorrect: Expected `BindingDefinition`, found `_Binding`",13
missing-argument,missing-argument: No argument provided for required parameter `operation` of function `inject_derived_anualidades_eligibility_facts`,13
missing-argument,missing-argument: No argument provided for required parameter `operation` of function `inject_derived_autonomic_deduccion_facts`,13
missing-argument,missing-argument: No argument provided for required parameter `operation` of function `profile_keys`,13
missing-argument,missing-argument: No argument provided for required parameter `operation` of function `record_country_code_status`,13
missing-argument,missing-argument: No argument provided for required parameter `ports` of function `split_transaction`,13
missing-argument,missing-argument: No argument provided for required parameter `profile_decode_context` of function `rotate_profile_passphrase`,13
unknown-argument,unknown-argument: Argument `bucket_event_repository` does not match any known parameter of function `split_transaction`,13
unknown-argument,unknown-argument: Argument `repository` does not match any known parameter of function `discard_work_unit`,13
unknown-argument,unknown-argument: Argument `transaction_repository` does not match any known parameter of function `split_transaction`,13
unresolved-attribute,unresolved-attribute: Class `ConceptoIngreso` has no attribute `SUBVENCION_CAPITAL`,13
unresolved-attribute,unresolved-attribute: Class `InputClassification` has no attribute `EXCLUSIVELY_NON_DEDUCTIBLE`,13
unresolved-attribute,unresolved-attribute: Class `InvoiceOperationDateRole` has no attribute `OPERATION_PERFORMED`,13
unresolved-attribute,unresolved-attribute: Class `IvaCategory` has no attribute `INTRA_COMMUNITY_SERVICE_SUPPLY`,13
unresolved-attribute,unresolved-attribute: Class `ProrrataRegisterRegime` has no attribute `NINGUNA`,13
call-non-callable,call-non-callable: Cannot instantiate class `RetencionObservationRepository`: This call will raise `TypeError` at runtime,12
missing-argument,missing-argument: No argument provided for required parameter `certificate_secret_backend_factory` of function `resume_config_reset`,12
missing-argument,missing-argument: No argument provided for required parameter `operation` of function `setup_flow_definition`,12
missing-argument,missing-argument: No argument provided for required parameter `ports` of function `import_ledger_transactions`,12
missing-argument,"missing-argument: No arguments provided for required parameters `incapacity_cash_perception`, `incapacity_cash_withholding`, `incapacity_kind_value`, `incapacity_kind_ingreso_a_cuenta`, `incapacity_kind_repercutido`, `foral_retention_estatal`, `foral_retention_navarra`, `foral_retention_araba`, `foral_retention_gipuzkoa`, `foral_retention_bizkaia`, `base_retenciones`",12
not-iterable,not-iterable: Object of type `<class 'IvaCategory'>` is not iterable,12
unresolved-attribute,unresolved-attribute: Class `IrpfSpecialRegime` has no attribute `IMPATRIADO`,12
unresolved-attribute,unresolved-attribute: Class `IvaRate` has no attribute `RATE_4`,12
invalid-argument-type,"invalid-argument-type: Argument to function `calendar_filing_evidence_from_sources` is incorrect: Expected `tuple[FiledDeclaracionObservationProtocol, ...]`, found `tuple[_CalendarFiledObservation]`",11
missing-argument,missing-argument: No argument provided for required parameter `certificate_secret_backend_factory` of function `resolve_certificate_source_secret`,11
missing-argument,missing-argument: No argument provided for required parameter `certificate_secret_backend_factory` of function `start_config_reset`,11
missing-argument,missing-argument: No argument provided for required parameter `context` of bound method `DescendantGuarderiaMixin.is_eligible_minimo_incremento_menor_tres`,11
missing-argument,missing-argument: No argument provided for required parameter `context` of bound method `DescendantMaternityMixin.maternidad_eligible_meses`,11
missing-argument,missing-argument: No argument provided for required parameter `operation` of function `aggregate_iva_ledger_observations`,11
missing-argument,missing-argument: No argument provided for required parameter `operation` of function `inject_derived_minimo_descendientes_facts`,11
missing-argument,missing-argument: No argument provided for required parameter `operation` of function `load_iva_rate_table`,11
missing-argument,missing-argument: No argument provided for required parameter `operation` of function `resolve_invoice_extraction_authority_values`,11
missing-argument,missing-argument: No argument provided for required parameter `operation` of function `validate_iva_ledger_counterparty_category`,11
missing-argument,missing-argument: No argument provided for required parameter `ports` of function `register_capture_as_filing_evidence`,11
unresolved-attribute,unresolved-attribute: Class `EUMemberState` has no attribute `XI`,11
unresolved-attribute,unresolved-attribute: Class `IvaCategory` has no attribute `EXPORT_ASSIMILATED_ZERO_RATED`,11
unresolved-attribute,unresolved-attribute: Class `ProrrataEspecialTransitionKind` has no attribute `REVOCACION`,11
unresolved-attribute,unresolved-attribute: Class `ProrrataProvisionalProvenance` has no attribute `INICIO_ACTIVIDAD`,11
missing-argument,missing-argument: No argument provided for required parameter `certificate_secret_backend_factory` of function `build_live_auth_preflight_report`,10
missing-argument,missing-argument: No argument provided for required parameter `legends` of function `regime_contradiction_finding`,10
missing-argument,missing-argument: No argument provided for required parameter `operation` of function `build_overview_agenda`,10
missing-argument,missing-argument: No argument provided for required parameter `operation` of function `build_overview_backlog`,10
missing-argument,missing-argument: No argument provided for required parameter `operation` of function `validate_profile_values`,10
missing-argument,missing-argument: No argument provided for required parameter `ports` of `PurchaseInvoiceEvidenceService.__init__`,10
missing-argument,missing-argument: No argument provided for required parameter `ports` of function `archive_manual_transaction`,10
missing-argument,missing-argument: No argument provided for required parameter `ports` of function `finalize_filed_capture`,10
missing-argument,missing-argument: No argument provided for required parameter `ports` of function `get_filing_record`,10
missing-argument,missing-argument: No argument provided for required parameter `ports` of function `query_ledger_review_rows`,10
missing-argument,missing-argument: No argument provided for required parameter `ports` of function `resolve_modelo_workflow_resume_target`,10
missing-argument,missing-argument: No argument provided for required parameter `read_ports` of function `test_operator_auth`,10
missing-argument,"missing-argument: No arguments provided for required parameters `browser_session_factory`, `operator_scope_ports`, `censal_fetch_port` of `CensalOperationExecutor.__init__`",10
missing-argument,"missing-argument: No arguments provided for required parameters `certificate_secret_backend_factory`, `read_ports` of function `inspect_operator_auth`",10
missing-argument,"missing-argument: No arguments provided for required parameters `modelo`, `target_casilla_id`, `accept_activity_marker` of function `aggregate_renta_gasto_ledger_from_repositories`",10
not-iterable,not-iterable: Object of type `<class 'EUMemberState'>` is not iterable,10
not-iterable,not-iterable: Object of type `<class 'SpendingCategory'>` is not iterable,10
unknown-argument,unknown-argument: Argument `bucket_event_repository` does not match any known parameter of `PurchaseInvoiceEvidenceService.__init__`,10
unknown-argument,unknown-argument: Argument `bucket_event_repository` does not match any known parameter of function `archive_manual_transaction`,10
unknown-argument,unknown-argument: Argument `operation` does not match any known parameter of function `require_iva_category`,10
unknown-argument,unknown-argument: Argument `repository` does not match any known parameter of function `create_catalogue_invoice`,10
unknown-argument,unknown-argument: Argument `settings` does not match any known parameter of `PurchaseInvoiceEvidenceService.__init__`,10
unknown-argument,unknown-argument: Argument `transaction_repository` does not match any known parameter of function `archive_manual_transaction`,10
unknown-argument,unknown-argument: Argument `transaction_repository` does not match any known parameter of function `query_ledger_review_rows`,10
unresolved-attribute,unresolved-attribute: Class `DescendantRelacion` has no attribute `TUTELA`,10
unresolved-attribute,unresolved-attribute: Class `InvoiceClass` has no attribute `ORDINARIA`,10
unresolved-attribute,unresolved-attribute: Class `ProportionalityKind` has no attribute `FIXED_PERCENTAGE`,10
unresolved-attribute,unresolved-attribute: Object of type `FormulaExpression` has no attribute `relation`,10
unsound-return-statement,unsound-return-statement: Unsound return statement: `Unknown` is not a subtype of `bool`,10
missing-argument,missing-argument: No argument provided for required parameter `certificate_secret_backend_factory` of function `reset_operator_auth`,9
missing-argument,missing-argument: No argument provided for required parameter `context` of bound method `DescendantMaternityMixin.art_81_1_entry_window_meses`,9
missing-argument,missing-argument: No argument provided for required parameter `declarations` of function `_modelo_100_sign_branch_value`,9
missing-argument,missing-argument: No argument provided for required parameter `operation` of function `build_modelo_work_review`,9
missing-argument,missing-argument: No argument provided for required parameter `operation` of function `classify_from_assembled_criteria`,9
missing-argument,missing-argument: No argument provided for required parameter `operation` of function `country_code_for_stated_country_code`,9
missing-argument,missing-argument: No argument provided for required parameter `operation` of function `resolve_ingestion_iva_category`,9
missing-argument,missing-argument: No argument provided for required parameter `ports` of function `merge_transactions`,9
missing-argument,missing-argument: No argument provided for required parameter `repository` of `JustificanteCaptureSnapshotService.__init__`,9
missing-argument,"missing-argument: No arguments provided for required parameters `modelo`, `target_casilla_id`, `source_jurisdictions`, `eligible_income_categories` of function `aggregate_impatriado_income_ledger`",9
unknown-argument,unknown-argument: Argument `authority` does not match any known parameter of function `build_modelo_work_review`,9
unknown-argument,unknown-argument: Argument `bucket_event_repository` does not match any known parameter of function `merge_transactions`,9
unknown-argument,unknown-argument: Argument `transaction_repository` does not match any known parameter of function `merge_transactions`,9
unresolved-attribute,unresolved-attribute: Class `DescendantRelacion` has no attribute `DESCENDIENTE`,9
unresolved-attribute,unresolved-attribute: Class `IVARegime` has no attribute `EXENTO`,9
unresolved-attribute,unresolved-attribute: Class `IrpfIncomeCategory` has no attribute `TRABAJO`,9
unresolved-attribute,unresolved-attribute: Class `IvaDeductionFactKind` has no attribute `IMPORT_CURRENT`,9
unresolved-attribute,unresolved-attribute: Class `IvaRateKind` has no attribute `EXEMPT`,9
unresolved-attribute,unresolved-attribute: Class `IvaRate` has no attribute `NOT_SUBJECT`,9
unresolved-attribute,unresolved-attribute: Class `SpendingCategory` has no attribute `ARRENDAMIENTO_VIVIENDA_AFECTO`,9
unresolved-attribute,unresolved-attribute: Class `SpendingCategory` has no attribute `SUMINISTROS_HOME_OFFICE_INTERNET`,9
unresolved-attribute,unresolved-attribute: Object of type `BindingDefinition` has no attribute `typed_enum`,9
unresolved-import,unresolved-import: Module `cadrumo.application.wizard.catalogue` has no member `WIZARD_FLOWS`,9
invalid-argument-type,"invalid-argument-type: Argument to function `prorrata_source_casilla_ids` is incorrect: Expected `Iterable[_BindingWithProvider]`, found `tuple[BindingDefinition, ...]`",8
missing-argument,missing-argument: No argument provided for required parameter `declarations` of function `_modelo_100_comunidad_block`,8
missing-argument,missing-argument: No argument provided for required parameter `operation` of function `postal_shape_findings`,8
missing-argument,missing-argument: No argument provided for required parameter `operation` of function `resolve_catalogue`,8
missing-argument,missing-argument: No argument provided for required parameter `operation` of function `resolve_filer_territorial_scope`,8
missing-argument,missing-argument: No argument provided for required parameter `operation` of function `stated_country_code_status`,8
missing-argument,missing-argument: No argument provided for required parameter `ports` of `ModeloHistoryRepository.__init__`,8
missing-argument,missing-argument: No argument provided for required parameter `ports` of function `approve_draft`,8
missing-argument,missing-argument: No argument provided for required parameter `ports` of function `record_m036_declaration`,8
missing-argument,missing-argument: No argument provided for required parameter `ports` of function `resolve_llm_evidence`,8
missing-argument,missing-argument: No argument provided for required parameter `profile_decode_context` of function `prepare_workbench_bootstrap`,8
missing-argument,missing-argument: No argument provided for required parameter `profile_schema`,8
missing-argument,missing-argument: No argument provided for required parameter `registry_snapshot_ref`,8
missing-argument,"missing-argument: No arguments provided for required parameters `browser_session_factory`, `censal_fetch_port` of function `build_censal_operation_definition`",8
missing-argument,"missing-argument: No arguments provided for required parameters `certificate_secret_backend_factory`, `read_ports` of function `test_operator_auth`",8
missing-argument,"missing-argument: No arguments provided for required parameters `settings`, `ports` of function `saturate_llm_classification`",8
unknown-argument,unknown-argument: Argument `bucket_id` does not match any known parameter of `ModeloHistoryRepository.__init__`,8
unknown-argument,unknown-argument: Argument `transaction_repository` does not match any known parameter of function `verify_modelo_revision`,8
unresolved-attribute,unresolved-attribute: Class `IVARegime` has no attribute `SIMPLIFICADO`,8
unresolved-attribute,unresolved-attribute: Class `IvaSettlementSide` has no attribute `DEDUCIBLE`,8
unresolved-attribute,unresolved-attribute: Class `IvaSettlementSide` has no attribute `DEVENGADA`,8
unresolved-attribute,unresolved-attribute: Class `ProportionalityKind` has no attribute `FULL_DEDUCTIBLE`,8
unresolved-attribute,unresolved-attribute: Class `RetencionClave` has no attribute `G`,8
unresolved-attribute,unresolved-attribute: Class `SituacionFamiliar` has no attribute `SOLTERO`,8
unresolved-attribute,unresolved-attribute: Class `SpendingCategory` has no attribute `MANUTENCION_DIETAS_NACIONAL`,8
unresolved-attribute,unresolved-attribute: Class `SpendingCategory` has no attribute `MUTUALIDAD_ALTERNATIVA`,8
unresolved-attribute,unresolved-attribute: Class `SpendingCategory` has no attribute `SEGUROS_SALUD_AUTONOMO`,8
unsound-return-statement,unsound-return-statement: Unsound return statement: `Unknown` is not a subtype of `str`,8
invalid-argument-type,"invalid-argument-type: Argument to function `madrid_nacimiento_adopcion_eligibility_advisory_finding` is incorrect: Expected `PinnedAuthorityOperation`, found `ValidatedRegistryAuthority`",7
missing-argument,missing-argument: No argument provided for required parameter `composition_factory` of function `build_filed_history_operation_definition`,7
missing-argument,missing-argument: No argument provided for required parameter `legends` of function `derive_category_from_regime_legend`,7
missing-argument,missing-argument: No argument provided for required parameter `legends` of function `match_regime_legend`,7
missing-argument,missing-argument: No argument provided for required parameter `operation` of function `_inject_derived_state_attribution_facts`,7
missing-argument,missing-argument: No argument provided for required parameter `operation` of function `build_wizard_status`,7
missing-argument,missing-argument: No argument provided for required parameter `operation` of function `profile_key`,7
missing-argument,missing-argument: No argument provided for required parameter `operation` of function `rekey_calculation_revision_overrides`,7
missing-argument,missing-argument: No argument provided for required parameter `operation` of function `resolve_maternidad_meses`,7
missing-argument,missing-argument: No argument provided for required parameter `ports` of bound method `FiledCaptureAccumulator.absorb`,7
missing-argument,missing-argument: No argument provided for required parameter `ports` of function `approval_stale_reasons`,7
missing-argument,missing-argument: No argument provided for required parameter `ports` of function `stash_manual_transaction`,7
missing-argument,missing-argument: No argument provided for required parameter `ports` of function `update_manual_transaction`,7
missing-argument,missing-argument: No argument provided for required parameter `profile_decode_context` of function `restore_profile_from_recovery_artifact`,7
missing-argument,missing-argument: No argument provided for required parameter `read_ports` of function `inspect_operator_auth`,7
missing-argument,missing-argument: No argument provided for required parameter `repository` of `ProrrataRegisterService.__init__`,7
missing-argument,missing-argument: No argument provided for required parameter `schema` of function `declared_provenance_sources`,7
missing-argument,"missing-argument: No arguments provided for required parameters `legends`, `operation` of function `deterministic_findings`",7
missing-argument,"missing-argument: No arguments provided for required parameters `modelo`, `target_casilla_id`, `activity_category_matcher`, `employment_category_matcher` of function `aggregate_renta_m100_income_ledger`",7
missing-argument,"missing-argument: No arguments provided for required parameters `repository`, `observation_repository` of function `lazily_reconcile_local_iva_compensation_for_work_unit`",7
unknown-argument,unknown-argument: Argument `bucket_event_repository` does not match any known parameter of function `discard_work_unit`,7
unknown-argument,unknown-argument: Argument `bucket_event_repository` does not match any known parameter of function `stash_manual_transaction`,7
unknown-argument,unknown-argument: Argument `bucket_event_repository` does not match any known parameter of function `update_manual_transaction`,7
unknown-argument,unknown-argument: Argument `filing_repository` does not match any known parameter of function `get_filing_record`,7
unknown-argument,unknown-argument: Argument `repository` does not match any known parameter of function `persist_filed_calculation_observation`,7
unknown-argument,unknown-argument: Argument `store` does not match any known parameter of bound method `FiledCaptureAccumulator.absorb`,7
unknown-argument,unknown-argument: Argument `transaction_repository` does not match any known parameter of function `stash_manual_transaction`,7
unknown-argument,unknown-argument: Argument `transaction_repository` does not match any known parameter of function `update_manual_transaction`,7
unknown-argument,unknown-argument: Argument `verification_repository` does not match any known parameter of function `file_modelo_revision`,7
unresolved-attribute,unresolved-attribute: Class `BienInversionKind` has no attribute `INMUEBLE`,7
unresolved-attribute,unresolved-attribute: Class `ConceptoIngreso` has no attribute `SUBVENCION_CORRIENTE`,7
unresolved-attribute,unresolved-attribute: Class `DescendantRelacion` has no attribute `ACOGIMIENTO_PREADOPTIVO_O_PERMANENTE`,7
unresolved-attribute,unresolved-attribute: Class `ForeignAssetObligationGroup` has no attribute `CUENTAS`,7
unresolved-attribute,unresolved-attribute: Class `InputClassification` has no attribute `EXCLUSIVELY_DEDUCTIBLE`,7
unresolved-attribute,unresolved-attribute: Class `IrpfIncomeCategory` has no attribute `CAPITAL_INMOBILIARIO`,7
unresolved-attribute,unresolved-attribute: Class `IvaCategory` has no attribute `ERRONEOUS_INVOICE`,7
unresolved-attribute,unresolved-attribute: Class `IvaDeductionEvidenceAuthority` has no attribute `INTRA_EU_SELF_ASSESSMENT`,7
unresolved-attribute,unresolved-attribute: Class `IvaFlowDirection` has no attribute `OPERACION_CON_INVERSION`,7
unresolved-attribute,unresolved-attribute: Class `M303RegimeComposition` has no attribute `SIMPLIFIED`,7
unresolved-attribute,unresolved-attribute: Class `ProportionalityKind` has no attribute `STATUTORY_CAP`,7
unresolved-attribute,unresolved-attribute: Class `ProportionalityKind` has no attribute `USAGE_RATIO_HOME_AREA`,7
unresolved-attribute,unresolved-attribute: Class `SpendingCategory` has no attribute `HARDWARE_AMORTIZABLE`,7
unresolved-attribute,unresolved-attribute: Class `SpendingCategory` has no attribute `SOFTWARE_SUSCRIPCION`,7
unresolved-attribute,unresolved-attribute: Object of type `BindingDefinition` has no attribute `selector`,7
unresolved-attribute,unresolved-attribute: Object of type `RentaIncomeObservation` has no attribute `withheld_derivation`,7
call-non-callable,call-non-callable: Cannot instantiate class `Borrador100SnapshotRepository`: This call will raise `TypeError` at runtime,6
invalid-argument-type,"invalid-argument-type: Argument to function `_write_sociedades_coverage_fixture` is incorrect: Expected `str`, found `str | int`",6
invalid-argument-type,"invalid-argument-type: Argument to function `art52_reduccion_advisory_finding` is incorrect: Expected `PinnedAuthorityOperation`, found `ValidatedRegistryAuthority`",6
missing-argument,missing-argument: No argument provided for required parameter `certificate_secret_backend_factory` of function `logout_operator_auth`,6
missing-argument,missing-argument: No argument provided for required parameter `context` of bound method `DescendantRecordBase.is_eligible_ordinary`,6
missing-argument,missing-argument: No argument provided for required parameter `context` of bound method `RentaFamilyProfile.meses_maternidad_por_descendiente`,6
missing-argument,missing-argument: No argument provided for required parameter `declarations` of function `_modelo_100_unfiled_comunidad_paths`,6
missing-argument,missing-argument: No argument provided for required parameter `operation` of `ProfileSourceResolver.__init__`,6
missing-argument,missing-argument: No argument provided for required parameter `operation` of function `aggregate_iva_ledger_candidates`,6
missing-argument,missing-argument: No argument provided for required parameter `operation` of function `attach_descendant_group`,6
missing-argument,missing-argument: No argument provided for required parameter `operation` of function `place_of_supply_rule`,6
missing-argument,missing-argument: No argument provided for required parameter `ports` of function `list_filing_records`,6
missing-argument,missing-argument: No argument provided for required parameter `ports` of function `persistiva_compensation_history_observations_strict`,6
missing-argument,missing-argument: No argument provided for required parameter `ports` of function `resolve_bucket_source_mesh`,6
not-iterable,not-iterable: Object of type `<class 'IvaFlowDirection'>` is not iterable,6
unknown-argument,unknown-argument: Argument `bucket_event_repository` does not match any known parameter of function `import_external_filing_source`,6
unknown-argument,unknown-argument: Argument `bucket_id` does not match any known parameter of `object.__init__`,6
unknown-argument,unknown-argument: Argument `calculation_observation_repository` does not match any known parameter of function `verify_modelo_revision`,6
unknown-argument,unknown-argument: Argument `filing_repository` does not match any known parameter of function `list_filing_records`,6
unknown-argument,unknown-argument: Argument `invoice_repository` does not match any known parameter of function `resolve_bucket_source_mesh`,6
unknown-argument,unknown-argument: Argument `transaction_repository` does not match any known parameter of function `resolve_bucket_source_mesh`,6
unknown-argument,unknown-argument: Argument `work_unit_repository` does not match any known parameter of function `import_external_filing_source`,6
unresolved-attribute,unresolved-attribute: Class `Art104TresExclusion` has no attribute `NON_HABITUAL_REAL_ESTATE_OR_FINANCIAL`,6
unresolved-attribute,unresolved-attribute: Class `EUMemberState` has no attribute `IT`,6
unresolved-attribute,unresolved-attribute: Class `IrpfEstimationRegime` has no attribute `DIRECTA_SIMPLIFICADA`,6
unresolved-attribute,unresolved-attribute: Class `IvaCashAccountingTreatment` has no attribute `TAXPAYER_REGIME`,6
unresolved-attribute,unresolved-attribute: Class `IvaDeductionFactKind` has no attribute `INVESTMENT_GOODS_REGULARISATION`,6
unresolved-attribute,unresolved-attribute: Class `IvaKindApplicability` has no attribute `DOES_NOT_ARISE`,6
unresolved-attribute,unresolved-attribute: Class `ProrrataRegime` has no attribute `GENERAL`,6
unresolved-attribute,unresolved-attribute: Class `SpendingCategory` has no attribute `ASESORIA_CONTABLE`,6
unresolved-attribute,unresolved-attribute: Class `StatutoryCapPeriod` has no attribute `YEAR_PER_PERSON`,6
unresolved-attribute,unresolved-attribute: Object of type `DeadlineEngine` has no attribute `_registry`,6
unsound-return-statement,unsound-return-statement: Unsound return statement: `Unknown` is not a subtype of `IvaFlowDirection`,6
unsound-return-statement,unsound-return-statement: Unsound return statement: `frozenset[Unknown]` is not a subtype of `frozenset[str]`,6
invalid-argument-type,"invalid-argument-type: Argument to function `casillas_a_recapture_would_change` is incorrect: Expected `FiledObservationProtocol`, found `_FiledObservation`",5
invalid-argument-type,"invalid-argument-type: Argument to function `load_record_design_intermediate` is incorrect: Expected `Path`, found `Path | None`",5
invalid-argument-type,"invalid-argument-type: Argument to function `resolve_transaction_repository` is incorrect: Expected `TransactionCatalogueCoCommitWriterProtocol | None`, found `TransactionCatalogueRepositoryProtocol`",5
missing-argument,missing-argument: No argument provided for required parameter `context` of bound method `RentaFamilyProfile.gastos_guarderia_reales`,5
missing-argument,missing-argument: No argument provided for required parameter `declarations` of function `derive_m303_compensation_available_from_casillas`,5
missing-argument,missing-argument: No argument provided for required parameter `operation` of bound method `IvaCatalogueRepository.get`,5
missing-argument,missing-argument: No argument provided for required parameter `operation` of function `_transition_period_applicability_from_registry`,5
missing-argument,missing-argument: No argument provided for required parameter `operation` of function `country_code_for_printed_tax_identifier`,5
missing-argument,missing-argument: No argument provided for required parameter `operation` of function `resolve_profile_binding_channels`,5
missing-argument,missing-argument: No argument provided for required parameter `persistence` of `JustificanteCaptureSnapshotRepository.__init__`,5
missing-argument,missing-argument: No argument provided for required parameter `ports` of `ExpedientesService.__init__`,5
missing-argument,missing-argument: No argument provided for required parameter `ports` of function `build_work_calculate_input_bundle`,5
missing-argument,missing-argument: No argument provided for required parameter `ports` of function `classify_with_evidence`,5
missing-argument,missing-argument: No argument provided for required parameter `ports` of function `link_manual_transaction_invoice`,5
missing-argument,missing-argument: No argument provided for required parameter `ports` of function `list_verification_reports`,5
missing-argument,missing-argument: No argument provided for required parameter `ports` of function `restore_manual_transaction`,5
missing-argument,missing-argument: No argument provided for required parameter `repository` of function `require_persisted_iva_compensation_decision_matches_revision`,5
missing-argument,"missing-argument: No arguments provided for required parameters `certificate_secret_backend_factory`, `browser_session_factory`, `notifications_ports` of function `pull_filed_history`",5
missing-argument,"missing-argument: No arguments provided for required parameters `work_lifecycle_ports`, `observation_repository` of function `import_external_filing_source`",5
missing-override-decorator,missing-override-decorator: Method `__iter__` overrides `Iterable.__iter__` but is not decorated with `@override`,5
missing-override-decorator,missing-override-decorator: Method `__len__` overrides `Collection.__len__` but is not decorated with `@override`,5
missing-override-decorator,missing-override-decorator: Method `bucket_id` overrides `TransactionCatalogueRepositoryProtocol.bucket_id` but is not decorated with `@override`,5
missing-override-decorator,missing-override-decorator: Method `classify` overrides `ClaveIdentityProbePort.classify` but is not decorated with `@override`,5
missing-override-decorator,missing-override-decorator: Method `evaluate` overrides `CertificateHealthProbePort.evaluate` but is not decorated with `@override`,5
missing-override-decorator,missing-override-decorator: Method `exists` overrides `TransactionCatalogueRepositoryProtocol.exists` but is not decorated with `@override`,5
missing-override-decorator,missing-override-decorator: Method `is_bound` overrides `ActiveProfileSessionPresencePort.is_bound` but is not decorated with `@override`,5
missing-override-decorator,missing-override-decorator: Method `load_by_ids` overrides `TransactionCatalogueRepositoryProtocol.load_by_ids` but is not decorated with `@override`,5
missing-override-decorator,missing-override-decorator: Method `load_for_date_range` overrides `TransactionCatalogueRepositoryProtocol.load_for_date_range` but is not decorated with `@override`,5
missing-override-decorator,missing-override-decorator: Method `load` overrides `TransactionCatalogueRepositoryProtocol.load` but is not decorated with `@override`,5
missing-override-decorator,missing-override-decorator: Method `partition_by_date_range` overrides `TransactionCatalogueRepositoryProtocol.partition_by_date_range` but is not decorated with `@override`,5
missing-override-decorator,missing-override-decorator: Method `save` overrides `TransactionCatalogueRepositoryProtocol.save` but is not decorated with `@override`,5
missing-override-decorator,missing-override-decorator: Method `visit_ClassDef` overrides `NodeVisitor.visit_ClassDef` but is not decorated with `@override`,5
missing-override-decorator,missing-override-decorator: Method `visit_FunctionDef` overrides `NodeVisitor.visit_FunctionDef` but is not decorated with `@override`,5
no-matching-overload,no-matching-overload: No overload of function `iter` matches arguments,5
not-iterable,not-iterable: Object of type `object` is not iterable,5
unknown-argument,unknown-argument: Argument `attachment_store` does not match any known parameter of function `create_manual_transaction`,5
unknown-argument,unknown-argument: Argument `bucket_event_repository` does not match any known parameter of function `restore_manual_transaction`,5
unknown-argument,unknown-argument: Argument `bucket_id` does not match any known parameter of `JustificanteCaptureSnapshotRepository.__init__`,5
unknown-argument,unknown-argument: Argument `invoice_repository` does not match any known parameter of function `attach_manual_transaction_evidence`,5
unknown-argument,unknown-argument: Argument `invoice_repository` does not match any known parameter of function `create_manual_transaction`,5
unknown-argument,unknown-argument: Argument `operation` does not match any known parameter of function `especial_prorrata_register_regime`,5
unknown-argument,unknown-argument: Argument `operation` does not match any known parameter of function `resolve_ledger_iva_aggregation_binding_values`,5
unknown-argument,unknown-argument: Argument `transaction_repository` does not match any known parameter of function `restore_manual_transaction`,5
unknown-argument,unknown-argument: Argument `usage_ratio_profile` does not match any known parameter of function `create_manual_transaction`,5
unknown-argument,unknown-argument: Argument `verification_repository` does not match any known parameter of function `list_verification_reports`,5
unresolved-attribute,"unresolved-attribute: Attribute `entries` is not defined on `ScalarFactPayload`, `BracketFactPayload`, `EntitySetFactPayload`, `OverrideFactPayload`, `EventFactPayload`, `MultiOutputFactPayload` in union `ScalarFactPayload | BracketFactPayload | MappingFactPayload | ... omitted 4 union elements`",5
unresolved-attribute,"unresolved-attribute: Attribute `source_periods` is not defined on `SameTargetContext`, `TargetPeriodOffset`, `PriorQuarterExpandingSpan`, `FiledCurrentPeriod` in union `SameTargetContext | SameFilingYearPeriods | FilingYearOffset | ... omitted 4 union elements`",5
unresolved-attribute,"unresolved-attribute: Attribute `value` is not defined on `BracketFactPayload`, `MappingFactPayload`, `EntitySetFactPayload`, `EventFactPayload`, `MultiOutputFactPayload` in union `ScalarFactPayload | BracketFactPayload | MappingFactPayload | ... omitted 4 union elements`",5
unresolved-attribute,unresolved-attribute: Class `BienInversionDisposalRegime` has no attribute `EXENTA_O_NO_SUJETA`,5
unresolved-attribute,unresolved-attribute: Class `ConceptoIngreso` has no attribute `INDEMNIZACION`,5
unresolved-attribute,unresolved-attribute: Class `DescendantRelacion` has no attribute `GUARDA_Y_CUSTODIA_JUDICIAL`,5
unresolved-attribute,unresolved-attribute: Class `EUMemberState` has no attribute `RO`,5
unresolved-attribute,unresolved-attribute: Class `IrpfSpecialRegime` has no attribute `GENERAL`,5
unresolved-attribute,unresolved-attribute: Class `IvaComponentPresence` has no attribute `UNKNOWN`,5
unresolved-attribute,unresolved-attribute: Class `IvaComponentPresence` has no attribute `ZERO_BY_LAW`,5
unresolved-attribute,unresolved-attribute: Class `IvaDeductionFactKind` has no attribute `DOMESTIC_INVESTMENT`,5
unresolved-attribute,unresolved-attribute: Class `M303RegimeComposition` has no attribute `MIXED`,5
unresolved-attribute,unresolved-attribute: Class `ProportionalityKind` has no attribute `USAGE_RATIO_PERSONAL`,5
unresolved-attribute,unresolved-attribute: Class `ProrrataKind` has no attribute `PROVISIONAL`,5
unresolved-attribute,unresolved-attribute: Class `SpendingCategory` has no attribute `SUMINISTROS_HOME_OFFICE_AGUA`,5
unresolved-attribute,unresolved-attribute: Class `SpendingCategory` has no attribute `TELEFONIA_FIJA`,5
unresolved-attribute,unresolved-attribute: Class `TransactionKind` has no attribute `OSS_UNION_GOODS_DISTANCE_SALE`,5
unresolved-attribute,unresolved-attribute: Module `cadrumo.domain.iva.classification` has no member `_CLASSIFICATION_RULES`,5
unresolved-attribute,unresolved-attribute: Object of type `ValidatedRegistryAuthority` has no attribute `operation`,5
unsound-return-statement,unsound-return-statement: Unsound return statement: `Any` is not a subtype of `str | None`,5
invalid-argument-type,"invalid-argument-type: Argument to `list.__init__` is incorrect: Expected `Iterable[Unknown]`, found `<class 'IvaTerritorialScope'>`",4
invalid-argument-type,"invalid-argument-type: Argument is incorrect: Expected `CalculationRevisionCatalogueRepositoryProtocol`, found `_CalculationRepository`",4
invalid-argument-type,"invalid-argument-type: Argument is incorrect: Expected `LaxDate`, found `date | None`",4
invalid-argument-type,"invalid-argument-type: Argument is incorrect: Expected `LaxStr | None`, found `Unknown | IvaDeductionClassificationProvenance`",4
invalid-argument-type,"invalid-argument-type: Argument is incorrect: Expected `ModeloRecordCatalogueRepositoryProtocol`, found `_FilingRepository`",4
invalid-argument-type,"invalid-argument-type: Argument is incorrect: Expected `WorkUnitCatalogueRepositoryProtocol`, found `_WorkUnitRepository`",4
invalid-argument-type,"invalid-argument-type: Argument is incorrect: Expected `tuple[EvidenceImage, ...]`, found `tuple[MultimodalImageInput]`",4
invalid-argument-type,"invalid-argument-type: Argument to function `prepare_workbench_bootstrap` is incorrect: Expected `ProfileSessionResumeDoorV1`, found `(*, bucket_id) -> None`",4
invalid-argument-type,"invalid-argument-type: Argument to function `resolve_transaction_repository` is incorrect: Expected `TransactionCatalogueCoCommitWriterProtocol | None`, found `TransactionCatalogueRepositoryProtocol | None`",4
invalid-type-form,"invalid-type-form: Type arguments for `Literal` must be `None`, a literal value (int, bool, str, or bytes), or an enum member",4
missing-argument,missing-argument: No argument provided for required parameter `context` of bound method `DescendantMaternityMixin._maternidad_edad_months`,4
missing-argument,missing-argument: No argument provided for required parameter `context` of bound method `DescendantRecordBase.meets_non_income_conditions`,4
missing-argument,missing-argument: No argument provided for required parameter `context` of bound method `RentaFamilyProfile.minimo_descendientes_estatal`,4
missing-argument,missing-argument: No argument provided for required parameter `draft_review_ports`,4
missing-argument,missing-argument: No argument provided for required parameter `operation` of function `_inject_derived_incremento_guarderia_facts`,4
missing-argument,missing-argument: No argument provided for required parameter `operation` of function `country_codes_by_printed_name`,4
missing-argument,missing-argument: No argument provided for required parameter `operation` of function `iva_catalogue_years`,4
missing-argument,missing-argument: No argument provided for required parameter `operation` of function `iva_rate_kind_for`,4
missing-argument,missing-argument: No argument provided for required parameter `operation` of function `load_usage_ratios`,4
missing-argument,missing-argument: No argument provided for required parameter `operation` of function `require_transaction_kind`,4
missing-argument,missing-argument: No argument provided for required parameter `operation` of function `resolve_iva_differentiated_deduction_contributions`,4
missing-argument,missing-argument: No argument provided for required parameter `operation` of function `validate_iva_ledger_observation`,4
missing-argument,missing-argument: No argument provided for required parameter `operation`,4
missing-argument,missing-argument: No argument provided for required parameter `ports` of function `get_verification_report`,4
missing-argument,missing-argument: No argument provided for required parameter `ports` of function `read_m036_declaration`,4
missing-argument,missing-argument: No argument provided for required parameter `ports` of function `summarize_manual_transactions`,4
missing-argument,missing-argument: No argument provided for required parameter `profile_decode_context` of function `bind_resumed_profile_session`,4
missing-argument,missing-argument: No argument provided for required parameter `profile_decode_context` of function `restore_profile_capsule_with_password`,4
missing-argument,missing-argument: No argument provided for required parameter `rules` of function `classifiable_categories`,4
missing-argument,"missing-argument: No arguments provided for required parameters `certificate_secret_backend_factory`, `browser_session_factory` of function `ensure_authenticated_aeat_session`",4
missing-argument,"missing-argument: No arguments provided for required parameters `modelo`, `target_casilla_id`, `activity_category_matcher`, `employment_category_matcher` of function `aggregate_renta_income_ledger_from_repositories`",4
missing-argument,"missing-argument: No arguments provided for required parameters `ports`, `usage_ratio_profile_loader` of `LedgerRentaGastosEstimacionDirectaAggregationSourceResolver.__init__`",4
missing-argument,"missing-argument: No arguments provided for required parameters `usage_ratio_profile_loader`, `operation` of function `resolve_effective_usage_ratios`",4
missing-override-decorator,missing-override-decorator: Method `__getitem__` overrides `Mapping.__getitem__` but is not decorated with `@override`,4
missing-override-decorator,missing-override-decorator: Method `_token_label` overrides `_IvaRegistryToken._token_label` but is not decorated with `@override`,4
missing-override-decorator,missing-override-decorator: Method `delete` overrides `CounterpartyEstablishmentRepositoryProtocol.delete` but is not decorated with `@override`,4
missing-override-decorator,missing-override-decorator: Method `exists` overrides `BucketEventHistoryRepositoryProtocol.exists` but is not decorated with `@override`,4
missing-override-decorator,missing-override-decorator: Method `load` overrides `BucketEventHistoryRepositoryProtocol.load` but is not decorated with `@override`,4
missing-override-decorator,missing-override-decorator: Method `load` overrides `CounterpartyEstablishmentRepositoryProtocol.load` but is not decorated with `@override`,4
missing-override-decorator,missing-override-decorator: Method `save` overrides `BucketEventHistoryRepositoryProtocol.save` but is not decorated with `@override`,4
missing-override-decorator,missing-override-decorator: Method `save` overrides `CounterpartyEstablishmentRepositoryProtocol.save` but is not decorated with `@override`,4
missing-override-decorator,missing-override-decorator: Method `to_secure_object_write` overrides `BucketEventHistoryRepositoryProtocol.to_secure_object_write` but is not decorated with `@override`,4
missing-override-decorator,missing-override-decorator: Method `visit_AsyncFunctionDef` overrides `NodeVisitor.visit_AsyncFunctionDef` but is not decorated with `@override`,4
not-iterable,not-iterable: Object of type `<class 'IvaTerritorialScope'>` is not iterable,4
unknown-argument,unknown-argument: Argument `attachment_store` does not match any known parameter of function `attach_manual_transaction_evidence`,4
unknown-argument,unknown-argument: Argument `bucket_event_repository` does not match any known parameter of function `query_ledger_review_rows`,4
unknown-argument,unknown-argument: Argument `calculation_repository` does not match any known parameter of function `attach_manual_transaction_evidence`,4
unknown-argument,unknown-argument: Argument `objects` does not match any known parameter of `object.__init__`,4
unknown-argument,unknown-argument: Argument `operation` does not match any known parameter of function `spanish_eu_member_state`,4
unknown-argument,unknown-argument: Argument `transaction_repository` does not match any known parameter of `LedgerRentaGastosEstimacionDirectaAggregationSourceResolver.__init__`,4
unknown-argument,unknown-argument: Argument `verification_repository` does not match any known parameter of function `get_verification_report`,4
unknown-argument,unknown-argument: Argument `work_unit_repository` does not match any known parameter of function `attach_manual_transaction_evidence`,4
unresolved-attribute,unresolved-attribute: Attribute `op` is not defined on `None` in union `BindingAggregation | None`,4
unresolved-attribute,unresolved-attribute: Class `Art104TresExclusion` has no attribute `DIRECT_IVA_CUOTAS`,4
unresolved-attribute,unresolved-attribute: Class `CustomerTaxStatus` has no attribute `UNKNOWN`,4
unresolved-attribute,unresolved-attribute: Class `EUMemberState` has no attribute `GR`,4
unresolved-attribute,unresolved-attribute: Class `EntityType` has no attribute `ATTRIBUTION_ENTITY`,4
unresolved-attribute,unresolved-attribute: Class `IVARegime` has no attribute `NO_APLICA`,4
unresolved-attribute,unresolved-attribute: Class `IVARegime` has no attribute `REAGP`,4
unresolved-attribute,unresolved-attribute: Class `InvoiceLegalMention` has no attribute `CASH_ACCOUNTING_REGIME`,4
unresolved-attribute,unresolved-attribute: Class `IrpfIncomeCategory` has no attribute `PENSION`,4
unresolved-attribute,unresolved-attribute: Class `IvaCategory` has no attribute `INTRA_COMMUNITY_TRIANGULATION`,4
unresolved-attribute,unresolved-attribute: Class `IvaCategory` has no attribute `REAGP_COMPENSATION`,4
unresolved-attribute,unresolved-attribute: Class `IvaCategory` has no attribute `REGIMEN_SIMPLIFICADO`,4
unresolved-attribute,unresolved-attribute: Class `IvaRate` has no attribute `RATE_5`,4
unresolved-attribute,unresolved-attribute: Class `IvaRate` has no attribute `RATE_7_5`,4
unresolved-attribute,unresolved-attribute: Class `IvaRetencionExpectation` has no attribute `UNKNOWN`,4
unresolved-attribute,unresolved-attribute: Class `IvaRetencionRole` has no attribute `TAXPAYER_CREDIT`,4
unresolved-attribute,unresolved-attribute: Class `LegalEntityForm` has no attribute `COOPERATIVA`,4
unresolved-attribute,unresolved-attribute: Class `OssIossRegime` has no attribute `EXTERNAL_SCHEME`,4
unresolved-attribute,unresolved-attribute: Class `ProrrataProvisionalProvenance` has no attribute `INTERRUMPIDA_TRES_ULTIMOS`,4
unresolved-attribute,unresolved-attribute: Class `SpendingCategory` has no attribute `ARRENDAMIENTO_LOCAL`,4
unresolved-attribute,unresolved-attribute: Class `SpendingCategory` has no attribute `GASTOS_FINANCIEROS`,4
unresolved-attribute,unresolved-attribute: Class `SpendingCategory` has no attribute `IBI_VIVIENDA_AFECTO`,4
unresolved-attribute,unresolved-attribute: Class `SpendingCategory` has no attribute `PUBLICIDAD_MARKETING`,4
unresolved-attribute,unresolved-attribute: Class `SpendingCategory` has no attribute `VEHICULO_COMBUSTIBLE`,4
unresolved-attribute,unresolved-attribute: Class `ThirdPartyDeclarationRole` has no attribute `THIRD_PARTY_FEE_COLLECTOR`,4
unresolved-attribute,unresolved-attribute: Object of type `ValidatedRegistryAuthority` has no attribute `source_root`,4
unresolved-attribute,unresolved-attribute: Object of type `WorkflowState` has no attribute `declarations`,4
unresolved-import,unresolved-import: Module `cadrumo.domain.iva.regime_legend` has no member `REGIME_LEGENDS`,4
unsupported-operator,unsupported-operator: Operator `<=` is not supported between objects of type `date | None` and `date`,4
invalid-argument-type,"invalid-argument-type: Argument is incorrect: Expected `CalculationRevisionCatalogueRepositoryProtocol`, found `object`",3
invalid-argument-type,"invalid-argument-type: Argument is incorrect: Expected `DiagnosticSessionFailureClassifier`, found `(_error) -> Literal[False]`",3
invalid-argument-type,"invalid-argument-type: Argument is incorrect: Expected `EvidenceDocumentShapeProbe`, found `(_data) -> Literal[DocumentShape.PDF_TEXT_LAYER]`",3
invalid-argument-type,"invalid-argument-type: Argument to `RecipientEncryptionAdapter.__init__` is incorrect: Expected `SecureObjectRepository`, found `object`",3
invalid-argument-type,"invalid-argument-type: Argument to `SecureBoundRepository.__init__` is incorrect: Expected `SecureObjectRepository | None`, found `~AlwaysFalsy | SecureObjectRepository`",3
invalid-argument-type,"invalid-argument-type: Argument to function `_amendment_ledger_anchor` is incorrect: Expected `TransactionCatalogueRepositoryProtocol`, found `_TransactionRepository`",3
invalid-argument-type,"invalid-argument-type: Argument to function `_amendment_ledger_anchor` is incorrect: Expected `WorkUnit`, found `object`",3
invalid-argument-type,"invalid-argument-type: Argument to function `_casilla` is incorrect: Expected `str`, found `object`",3
invalid-argument-type,"invalid-argument-type: Argument to function `add_recipient_fingerprint` is incorrect: Expected `str`, found `object`",3
invalid-argument-type,"invalid-argument-type: Argument to function `classify_with_evidence` is incorrect: Expected `VisionClassifier | None`, found `LocalVisionLLMClassifier`",3
invalid-argument-type,"invalid-argument-type: Argument to function `dt12_antiquity_advisory_finding` is incorrect: Expected `PinnedAuthorityOperation`, found `ValidatedRegistryAuthority`",3
invalid-argument-type,"invalid-argument-type: Argument to function `read_ledger_readiness` is incorrect: Expected `TransactionCatalogueCoCommitWriterProtocol`, found `TransactionCatalogueRepositoryProtocol`",3
invalid-argument-type,"invalid-argument-type: Argument to function `read_ledger_readiness` is incorrect: Expected `UsageRatioProfileLoader`, found `def _empty_usage_ratio_profile(*, bucket_id: str) -> UsageRatioProfile`",3
missing-argument,missing-argument: No argument provided for required parameter `certificate_secret_backend_factory` of function `remove_operator_certificate_source_secret`,3
missing-argument,missing-argument: No argument provided for required parameter `context` of bound method `DescendantGuarderiaMixin.maternidad_alta_posterior_increment_applies`,3
missing-argument,missing-argument: No argument provided for required parameter `context` of bound method `DescendantMadridMixin.art_58_2_window_anchor_missing`,3
missing-argument,missing-argument: No argument provided for required parameter `operation` of function `_run_full_flow`,3
missing-argument,missing-argument: No argument provided for required parameter `operation` of function `_sector_scoped_apportionment`,3
missing-argument,missing-argument: No argument provided for required parameter `operation` of function `aggregate_iva_ledger_candidate_bindings`,3
missing-argument,missing-argument: No argument provided for required parameter `operation` of function `build_wizard_command`,3
missing-argument,missing-argument: No argument provided for required parameter `operation` of function `descendant_facts_from_answers`,3
missing-argument,missing-argument: No argument provided for required parameter `operation` of function `domestic_rate_tier_is_required`,3
missing-argument,missing-argument: No argument provided for required parameter `operation` of function `iva_territorial_scope_alias`,3
missing-argument,missing-argument: No argument provided for required parameter `operation` of function `load_place_of_supply_table`,3
missing-argument,missing-argument: No argument provided for required parameter `operation` of function `profile_resolvable_binding_ids`,3
missing-argument,missing-argument: No argument provided for required parameter `policy` of function `permitted_amendment_kind_values`,3
missing-argument,missing-argument: No argument provided for required parameter `ports` of function `calculate_modelo_work_revision`,3
missing-argument,missing-argument: No argument provided for required parameter `ports` of function `compute_current_approval_basis`,3
missing-argument,missing-argument: No argument provided for required parameter `ports` of function `list_m036_declarations`,3
missing-argument,missing-argument: No argument provided for required parameter `ports` of function `resolve_modelo_revision_for_operator_target`,3
missing-argument,missing-argument: No argument provided for required parameter `ports` of function `suggest_llm_classification`,3
missing-argument,missing-argument: No argument provided for required parameter `profile_decode_context` of function `prepare_profile_export`,3
missing-argument,missing-argument: No argument provided for required parameter `schema_provider` of function `_load_registry_snapshot`,3
missing-argument,"missing-argument: No arguments provided for required parameters `authority_factory`, `certificate_secret_backend_factory`, `verification_repository_bundle_factory` of function `build_modelo_work_verify_definition`",3
missing-argument,"missing-argument: No arguments provided for required parameters `authority_period`, `operation`, `legends` of function `_read_transcription_semantically`",3
missing-argument,"missing-argument: No arguments provided for required parameters `certificate_secret_backend_factory`, `browser_session_factory`, `censal_fetch_port` of function `build_censal_operation_definition`",3
missing-argument,"missing-argument: No arguments provided for required parameters `certificate_secret_backend_factory`, `verification_repositories`, `operation` of function `verify_modelo_revision_with_preconditions`",3
missing-argument,"missing-argument: No arguments provided for required parameters `modelo`, `target_casilla_id` of function `aggregate_irnr_income_ledger_from_repositories`",3
missing-argument,"missing-argument: No arguments provided for required parameters `modelo`, `target_casilla_id`, `source_jurisdictions`, `eligible_income_categories` of function `aggregate_impatriado_income_ledger_from_repositories`",3
missing-override-decorator,missing-override-decorator: Method `__str__` overrides `object.__str__` but is not decorated with `@override`,3
missing-override-decorator,missing-override-decorator: Method `probe` overrides `DiagnosticAuthProbePort.probe` but is not decorated with `@override`,3
missing-override-decorator,missing-override-decorator: Method `visit_Call` overrides `NodeVisitor.visit_Call` but is not decorated with `@override`,3
missing-override-decorator,missing-override-decorator: Method `visit_Lambda` overrides `NodeVisitor.visit_Lambda` but is not decorated with `@override`,3
missing-type-argument,missing-type-argument: Missing type argument for generic class `tuple` (expected 1 type argument),3
no-matching-overload,no-matching-overload: No overload of function `create_model` matches arguments,3
not-iterable,not-iterable: Object of type `<class 'DescendantRelacion'>` is not iterable,3
not-iterable,not-iterable: Object of type `<class 'IvaDeductionFactKind'>` is not iterable,3
unknown-argument,unknown-argument: Argument `bucket_event_repository` does not match any known parameter of function `link_manual_transaction_invoice`,3
unknown-argument,unknown-argument: Argument `bucket_event_repository` does not match any known parameter of function `verify_modelo_revision_with_preconditions`,3
unknown-argument,unknown-argument: Argument `calculation_repository` does not match any known parameter of function `verify_modelo_revision_with_preconditions`,3
unknown-argument,unknown-argument: Argument `filing_repository` does not match any known parameter of function `verify_modelo_revision_with_preconditions`,3
unknown-argument,unknown-argument: Argument `invoice_repository` does not match any known parameter of `LedgerRentaGastosEstimacionDirectaAggregationSourceResolver.__init__`,3
unknown-argument,unknown-argument: Argument `invoice_repository` does not match any known parameter of function `link_manual_transaction_invoice`,3
unknown-argument,unknown-argument: Argument `iva_compensation_decision_repository` does not match any known parameter of function `calculate_modelo_revision_from_bucket_aggregation_with_diagnostics`,3
unknown-argument,unknown-argument: Argument `operation` does not match any known parameter of function `is_iva_deduction_kind`,3
unknown-argument,unknown-argument: Argument `operation` does not match any known parameter of function `resolve_iva_category_catalogue`,3
unknown-argument,unknown-argument: Argument `operation` does not match any known parameter of function `resolve_iva_rate_kind_catalogue`,3
unknown-argument,unknown-argument: Argument `source_root` does not match any known parameter of function `parse_export_payload`,3
unknown-argument,unknown-argument: Argument `transaction_repository` does not match any known parameter of function `link_manual_transaction_invoice`,3
unknown-argument,unknown-argument: Argument `transaction_repository` does not match any known parameter of function `summarize_manual_transactions`,3
unknown-argument,unknown-argument: Argument `verification_repository` does not match any known parameter of function `verify_modelo_revision_with_preconditions`,3
unknown-argument,unknown-argument: Argument `work_unit_repository` does not match any known parameter of function `verify_modelo_revision_with_preconditions`,3
unresolved-attribute,unresolved-attribute: Attribute `value` is not defined on `None` in union `NifIvaPrefix | None`,3
unresolved-attribute,unresolved-attribute: Attribute `year` is not defined on `None` in union `date | None`,3
unresolved-attribute,unresolved-attribute: Class `ConceptoIngreso` has no attribute `ORDINARIO`,3
unresolved-attribute,unresolved-attribute: Class `EUMemberState` has no attribute `DK`,3
unresolved-attribute,unresolved-attribute: Class `EUMemberState` has no attribute `EE`,3
unresolved-attribute,unresolved-attribute: Class `EUMemberState` has no attribute `FI`,3
unresolved-attribute,unresolved-attribute: Class `EUMemberState` has no attribute `LT`,3
unresolved-attribute,unresolved-attribute: Class `ForeignAssetObligationGroup` has no attribute `MONEDAS_VIRTUALES`,3
unresolved-attribute,unresolved-attribute: Class `InvoiceLegalMention` has no attribute `REVERSE_CHARGE`,3
unresolved-attribute,unresolved-attribute: Class `InvoiceOperationDateRole` has no attribute `ADVANCE_PAYMENT_RECEIVED`,3
unresolved-attribute,unresolved-attribute: Class `IrpfActivityKind` has no attribute `SECTORIAL`,3
unresolved-attribute,unresolved-attribute: Class `IvaComponentPresence` has no attribute `REQUIRED`,3
unresolved-attribute,unresolved-attribute: Class `IvaDeductionEvidenceAuthority` has no attribute `CUSTOMS_DECLARATION`,3
unresolved-attribute,unresolved-attribute: Class `IvaDeductionEvidenceAuthority` has no attribute `RECTIFICATION_EVIDENCE`,3
unresolved-attribute,unresolved-attribute: Class `IvaDeductionFactKind` has no attribute `RECTIFICATION`,3
unresolved-attribute,unresolved-attribute: Class `IvaKindApplicability` has no attribute `ARISES`,3
unresolved-attribute,unresolved-attribute: Class `IvaRetencionRole` has no attribute `TAXPAYER_LIABILITY`,3
unresolved-attribute,unresolved-attribute: Class `IvaRetencionRole` has no attribute `UNKNOWN`,3
unresolved-attribute,unresolved-attribute: Class `M303TaxTerritory` has no attribute `FORAL`,3
unresolved-attribute,unresolved-attribute: Class `SectorDiferenciadoLetra` has no attribute `B`,3
unresolved-attribute,unresolved-attribute: Class `SituacionFamiliar` has no attribute `PAREJA_HECHO_NO_REGISTRADA`,3
unresolved-attribute,unresolved-attribute: Class `SpendingCategory` has no attribute `AMORTIZACION_VIVIENDA_AFECTO`,3
unresolved-attribute,unresolved-attribute: Class `SpendingCategory` has no attribute `COMUNIDAD_VIVIENDA_AFECTO`,3
unresolved-attribute,unresolved-attribute: Class `SpendingCategory` has no attribute `SUMINISTROS_LOCAL_AFECTO`,3
unresolved-attribute,unresolved-attribute: Class `TransactionKind` has no attribute `CONSTRUCTION_REVERSE_CHARGE`,3
unresolved-attribute,unresolved-attribute: Class `TransactionKind` has no attribute `ELECTRONICS_REVERSE_CHARGE`,3
unresolved-attribute,unresolved-attribute: Class `TransactionKind` has no attribute `EXTERNAL_SCHEME_SERVICES`,3
unresolved-attribute,unresolved-attribute: Class `TransactionKind` has no attribute `IMMOVABLE_PROPERTY`,3
unresolved-attribute,unresolved-attribute: Function `resolve_filing_window` has no attribute `cache_info`,3
unresolved-attribute,unresolved-attribute: Object of type `InventoryAnexoDResult` has no attribute `casilla_0177`,3
unresolved-attribute,unresolved-attribute: Object of type `InventoryAnexoDResult` has no attribute `casilla_0182`,3
unresolved-attribute,unresolved-attribute: Object of type `ProrrataRegularizacionFeedProjection` has no attribute `modelo_303_casilla_44_value`,3
unresolved-attribute,unresolved-attribute: Object of type `object` has no attribute `source_filing_year`,3
unresolved-attribute,"unresolved-attribute: Object of type `tuple[ModeloDefinition, RegistryCatalogues]` has no attribute `revisions`",3
unresolved-attribute,unresolved-attribute: Object of type `type[str]` has no attribute `_from_registry`,3
unresolved-reference,unresolved-reference: Name `workflow_profile` used when not defined,3
unsound-return-statement,"unsound-return-statement: Unsound return statement: `tuple[ComponentResult, Any]` is not a subtype of `tuple[ComponentResult, dict[str, object]]`",3
invalid-argument-type,"invalid-argument-type: Argument to `list.__init__` is incorrect: Expected `Iterable[Unknown]`, found `<class 'IvaArt69DosService'>`",2
invalid-argument-type,"invalid-argument-type: Argument to `set.__init__` is incorrect: Expected `Iterable[Unknown]`, found `<class 'IvaCategory'>`",2
invalid-argument-type,"invalid-argument-type: Argument to `set.__init__` is incorrect: Expected `Iterable[Unknown]`, found `<class 'SpendingCategory'>`",2
invalid-argument-type,"invalid-argument-type: Argument to constructor `frozenset.__new__` is incorrect: Expected `Iterable[Unknown]`, found `<class 'ThirdPartyDeclarationRole'>`",2
invalid-argument-type,"invalid-argument-type: Argument to function `len` is incorrect: Expected `Sized`, found `<class 'CalendarCCAA'>`",2
invalid-argument-type,"invalid-argument-type: Argument is incorrect: Expected `(DocumentTranscription, Settings, LLMProvider | None, EvidenceConsentProof | None, object, /) -> InvoiceDraft`, found `def read_text(transcription: DocumentTranscription, settings: Settings, provider: LLMProvider | None, consent_token: EvidenceConsentProof | None, authority_values: InvoiceExtractionAuthorityValues) -> Unknown`",2
invalid-argument-type,"invalid-argument-type: Argument is incorrect: Expected `(InvoiceDraft, tuple[RegimeLegend, ...], PinnedAuthorityOperation, /) -> tuple[DraftDiscrepancyFinding, ...]`, found `(draft: InvoiceDraft) -> tuple[()]`",2
invalid-argument-type,"invalid-argument-type: Argument is incorrect: Expected `CommandWriteRouteValue`, found `str`",2
invalid-argument-type,"invalid-argument-type: Argument is incorrect: Expected `EvidencePageTextExtractor`, found `(_data) -> tuple[str, ...]`",2
invalid-argument-type,"invalid-argument-type: Argument is incorrect: Expected `InvoiceCatalogueRepositoryProtocol`, found `_EmptyInvoiceRepository`",2
invalid-argument-type,"invalid-argument-type: Argument is incorrect: Expected `LaxBool`, found `Modelo | frozenset[EntityType] | frozenset[IrpfIncomeCategory] | frozenset[IVARegime]`",2
invalid-argument-type,"invalid-argument-type: Argument is incorrect: Expected `LaxInt`, found `object`",2
invalid-argument-type,"invalid-argument-type: Argument is incorrect: Expected `LaxStr`, found `AnyHttpUrl`",2
invalid-argument-type,"invalid-argument-type: Argument is incorrect: Expected `Literal[CasillaDataType.TEXT, CasillaDataType.INTEGER, CasillaDataType.DECIMAL, CasillaDataType.MONEY, CasillaDataType.DATE, CasillaDataType.BOOLEAN] | None`, found `Literal[""text""]`",2
invalid-argument-type,"invalid-argument-type: Argument is incorrect: Expected `PerformanceClass`, found `str`",2
invalid-argument-type,"invalid-argument-type: Argument is incorrect: Expected `RetencionObservationRepository`, found `_EmptyRetencionObservationRepository`",2
invalid-argument-type,"invalid-argument-type: Argument is incorrect: Expected `StructuredInvoiceReader`, found `def parse_structured_invoice(_data: bytes) -> object`",2
invalid-argument-type,"invalid-argument-type: Argument is incorrect: Expected `frozenset[Capability]`, found `frozenset[str]`",2
invalid-argument-type,"invalid-argument-type: Argument is incorrect: Expected `frozenset[SideEffect]`, found `frozenset[str]`",2
invalid-argument-type,"invalid-argument-type: Argument is incorrect: Expected `str | None`, found `object`",2
invalid-argument-type,"invalid-argument-type: Argument to `LocalVisionDocumentTranscriber.__init__` is incorrect: Expected `EvidenceConsentToken | None`, found `EvidenceConsentProof | None`",2
invalid-argument-type,"invalid-argument-type: Argument to `ProrrataRegisterRepository.__init__` is incorrect: Expected `SecureObjectRepository | None`, found `object`",2
invalid-argument-type,"invalid-argument-type: Argument to `TextInvoiceFieldExtractor.__init__` is incorrect: Expected `EvidenceConsentToken | None`, found `EvidenceConsentProof | None`",2
invalid-argument-type,"invalid-argument-type: Argument to `list.__init__` is incorrect: Expected `Iterable[Unknown]`, found `object`",2
invalid-argument-type,"invalid-argument-type: Argument to bound method `_TransactionRepository.save_with_secure_object_writes` is incorrect: Expected `tuple[_PreparedEventWrite, ...]`, found `tuple[SecureObjectWrite]`",2
invalid-argument-type,"invalid-argument-type: Argument to function `_casilla` is incorrect: Expected `str | None`, found `object`",2
invalid-argument-type,"invalid-argument-type: Argument to function `_casilla` is incorrect: Expected `tuple[LegalRefId, ...]`, found `object`",2
invalid-argument-type,"invalid-argument-type: Argument to function `_collect_revision_verification_findings` is incorrect: Expected `TransactionCatalogueRepositoryProtocol`, found `None`",2
invalid-argument-type,"invalid-argument-type: Argument to function `_commit_with_guarded_events` is incorrect: Expected `BucketEventHistoryCoCommitWriterProtocol`, found `_EventRepository`",2
invalid-argument-type,"invalid-argument-type: Argument to function `_confirm` is incorrect: Expected `Decimal | None`, found `str | Decimal`",2
invalid-argument-type,"invalid-argument-type: Argument to function `_confirm` is incorrect: Expected `str | None`, found `str | Decimal`",2
invalid-argument-type,"invalid-argument-type: Argument to function `_raise_if_ledger_preflight_blocks_calculation` is incorrect: Expected `UsageRatioProfileLoader`, found `def _empty_usage_ratio_profile(*, bucket_id: str) -> UsageRatioProfile`",2
invalid-argument-type,"invalid-argument-type: Argument to function `extract_invoice_fields_from_text` is incorrect: Expected `InvoiceExtractionAuthorityValues | None`, found `object`",2
invalid-argument-type,"invalid-argument-type: Argument to function `extract_invoice_fields_from_text` is incorrect: Expected `Settings | None`, found `object`",2
invalid-argument-type,"invalid-argument-type: Argument to function `filed_observation_source_metadata` is incorrect: Expected `FiledObservationProtocol`, found `_PriorObservation`",2
invalid-argument-type,"invalid-argument-type: Argument to function `llm_no_recovery_verdict` is incorrect: Expected `Mapping[str, str | int]`, found `dict[str, object]`",2
invalid-argument-type,invalid-argument-type: Argument to function `min` is incorrect: Argument type `CoordinateT@OrderedSupportEnvelope` does not satisfy upper bound `SupportsDunderLT[Any] | SupportsDunderGT[Any]` of type variable `SupportsRichComparisonT`,2
invalid-argument-type,"invalid-argument-type: Argument to function `read_ledger_history` is incorrect: Expected `BucketEventHistoryCoCommitWriterProtocol`, found `_EmptyBucketEventHistory`",2
invalid-argument-type,"invalid-argument-type: Argument to function `read_ledger_history` is incorrect: Expected `TransactionCatalogueCoCommitWriterProtocol`, found `TransactionCatalogueRepositoryProtocol`",2
invalid-argument-type,"invalid-argument-type: Argument to function `recapture_divergence_notices` is incorrect: Expected `tuple[FiledObservationProtocol, ...]`, found `tuple[_FiledObservation]`",2
invalid-argument-type,"invalid-argument-type: Argument to function `save_transaction_catalogue_and_events` is incorrect: Expected `BucketEventHistoryCoCommitWriterProtocol`, found `BucketEventHistoryRepositoryProtocol`",2
invalid-argument-type,invalid-argument-type: Argument to function `sorted` is incorrect: Argument type `object` does not satisfy upper bound `SupportsDunderLT[Any] | SupportsDunderGT[Any]` of type variable `SupportsRichComparisonT`,2
invalid-argument-type,"invalid-argument-type: Argument to function `tax_id_format_from_declarations` is incorrect: Expected `Mapping[str, object]`, found `dict[str | int | Decimal | date, str | int | Decimal | date]`",2
invalid-assignment,"invalid-assignment: Cannot assign to a subscript on an object of type `MappingProxyType[str, object]`",2
invalid-method-override,invalid-method-override: Invalid override of method `to_secure_object_write`: Definition is incompatible with `SecureBoundRepository.to_secure_object_write`,2
missing-argument,missing-argument: No argument provided for required parameter `calculation_ports` of function `resolve_exportable_revision_for_cli`,2
missing-argument,missing-argument: No argument provided for required parameter `certificate_secret_backend_factory`,2
missing-argument,missing-argument: No argument provided for required parameter `context` of bound method `DescendantRecordBase.is_eligible_menor_tres`,2
missing-argument,missing-argument: No argument provided for required parameter `context` of bound method `RentaFamilyProfile.custodia_compartida_advisory`,2
missing-argument,missing-argument: No argument provided for required parameter `context` of bound method `RentaFamilyProfile.descendientes_eligible_minimum`,2
missing-argument,missing-argument: No argument provided for required parameter `context` of bound method `RentaFamilyProfile.minimo_prorrata_factor`,2
missing-argument,missing-argument: No argument provided for required parameter `context` of bound method `UserProfileSnapshot.from_profile`,2
missing-argument,missing-argument: No argument provided for required parameter `legends` of function `regime_legend_phrases`,2
missing-argument,missing-argument: No argument provided for required parameter `observation_repository` of function `resolve_iva_compensation_decision_for_calculation`,2
missing-argument,missing-argument: No argument provided for required parameter `operation` of function `_collect_revision_verification_findings`,2
missing-argument,missing-argument: No argument provided for required parameter `operation` of function `_raise_if_ledger_preflight_blocks_calculation`,2
missing-argument,missing-argument: No argument provided for required parameter `operation` of function `_spanish_iva_was_charged`,2
missing-argument,missing-argument: No argument provided for required parameter `operation` of function `bundled_iva_catalogue`,2
missing-argument,missing-argument: No argument provided for required parameter `operation` of function `calendar_applicability_profile_keys_for_modelo`,2
missing-argument,missing-argument: No argument provided for required parameter `operation` of function `declared_category_from_document_record`,2
missing-argument,missing-argument: No argument provided for required parameter `operation` of function `load_active_descendant_record`,2
missing-argument,missing-argument: No argument provided for required parameter `operation` of function `migrate_stored_relation_overrides_to_binding_ids`,2
missing-argument,missing-argument: No argument provided for required parameter `operation` of function `optional_profile_keys`,2
missing-argument,missing-argument: No argument provided for required parameter `operation` of function `persist_descendant_door_answers`,2
missing-argument,missing-argument: No argument provided for required parameter `operation` of function `require_iva_territorial_scope`,2
missing-argument,missing-argument: No argument provided for required parameter `operation` of function `resolve_transaction_kind_catalogue`,2
missing-argument,missing-argument: No argument provided for required parameter `persistence` of function `list_auth_diagnostics`,2
missing-argument,missing-argument: No argument provided for required parameter `policy` of function `resolve_amendment_kind_regime`,2
missing-argument,missing-argument: No argument provided for required parameter `ports` of `NotificationsService.__init__`,2
missing-argument,missing-argument: No argument provided for required parameter `ports` of function `compare_modelo_years`,2
missing-argument,missing-argument: No argument provided for required parameter `ports` of function `get_manual_transaction`,2
missing-argument,missing-argument: No argument provided for required parameter `ports` of function `list_calculation_revisions`,2
missing-argument,missing-argument: No argument provided for required parameter `ports` of function `list_iva_compensation_history`,2
missing-argument,missing-argument: No argument provided for required parameter `ports` of function `list_manual_transactions`,2
missing-argument,missing-argument: No argument provided for required parameter `ports` of function `list_work_units`,2
missing-argument,missing-argument: No argument provided for required parameter `ports` of function `resolve_fileable_modelo_calculation_revision_address`,2
missing-argument,missing-argument: No argument provided for required parameter `ports` of function `resolve_verifiable_modelo_calculation_revision_address`,2
missing-argument,missing-argument: No argument provided for required parameter `ports` of function `split_transaction_with_classified_children`,2
missing-argument,missing-argument: No argument provided for required parameter `profile_decode_context` of function `build_secure_object_custody_payload`,2
missing-argument,missing-argument: No argument provided for required parameter `profile_decode_context` of function `restore_profile_capsule_with_recovery_artifact`,2
missing-argument,missing-argument: No argument provided for required parameter `profile_decode_context` of function `restore_profile_with_password`,2
missing-argument,missing-argument: No argument provided for required parameter `read_ports` of function `build_operator_state_projection`,2
missing-argument,missing-argument: No argument provided for required parameter `repository` of function `recapture_divergence_notices`,2
missing-argument,missing-argument: No argument provided for required parameter `schema` of function `_grounded_tax_id_requirement`,2
missing-argument,missing-argument: No argument provided for required parameter `schema` of function `_undeclared_taxpayer_model_refusal`,2
missing-argument,missing-argument: No argument provided for required parameter `schema` of function `reject_invalid_profile_facts`,2
missing-argument,missing-argument: No argument provided for required parameter `source_registry_snapshot_refs`,2
missing-argument,missing-argument: No argument provided for required parameter `target_registry_snapshot_ref` of function `reconcile_iva_compensation_wallet`,2
missing-argument,missing-argument: No argument provided for required parameter `temporal`,2
missing-argument,"missing-argument: No arguments provided for required parameters `certificate_secret_backend_factory`, `browser_session_factory` of function `login_operator_auth`",2
missing-argument,"missing-argument: No arguments provided for required parameters `certificate_secret_backend_factory`, `read_ports` of function `build_operator_state_projection`",2
missing-argument,"missing-argument: No arguments provided for required parameters `filing_year`, `period` of function `build_runtime_schema_provider`",2
missing-argument,"missing-argument: No arguments provided for required parameters `legends`, `operation` of function `resolve_counterparty_establishment_scope`",2
missing-argument,"missing-argument: No arguments provided for required parameters `legends`, `operation`, `ports` of function `_extract_invoice_fields_from_structured_record`",2
missing-argument,"missing-argument: No arguments provided for required parameters `modelo`, `target_casilla_id`, `activity_category_matcher`, `employment_category_matcher` of function `aggregate_renta_m100_income_ledger_from_repositories`",2
missing-argument,"missing-argument: No arguments provided for required parameters `modelo`, `target_casilla_id`, `agrarian_activity_codes`, `activity_category_matcher`, `employment_category_matcher` of function `aggregate_renta_m131_agrario_income_ledger`",2
missing-argument,"missing-argument: No arguments provided for required parameters `source_variant_id`, `source_revision_ids`",2
missing-override-decorator,missing-override-decorator: Method `__eq__` overrides `object.__eq__` but is not decorated with `@override`,2
missing-override-decorator,missing-override-decorator: Method `__hash__` overrides `object.__hash__` but is not decorated with `@override`,2
missing-override-decorator,missing-override-decorator: Method `__repr__` overrides `object.__repr__` but is not decorated with `@override`,2
missing-override-decorator,missing-override-decorator: Method `convert` overrides `ParamType.convert` but is not decorated with `@override`,2
missing-override-decorator,missing-override-decorator: Method `exists` overrides `EvidenceBundleWorkUnitPort.exists` but is not decorated with `@override`,2
missing-override-decorator,missing-override-decorator: Method `iter_records` overrides `SecureBoundRepository.iter_records` but is not decorated with `@override`,2
missing-override-decorator,missing-override-decorator: Method `list_observations` overrides `VerifyObservationPersistencePort.list_observations` but is not decorated with `@override`,2
missing-override-decorator,missing-override-decorator: Method `load_records` overrides `DiagnosticRunTelemetryPort.load_records` but is not decorated with `@override`,2
missing-override-decorator,missing-override-decorator: Method `load` overrides `SecureBoundRepository.load` but is not decorated with `@override`,2
missing-override-decorator,missing-override-decorator: Method `load` overrides `VerifyObservationPersistencePort.load` but is not decorated with `@override`,2
missing-override-decorator,missing-override-decorator: Method `revision_identity` overrides `RegistryRevisionNode.revision_identity` but is not decorated with `@override`,2
missing-override-decorator,missing-override-decorator: Method `save` overrides `SecureBoundRepository.save` but is not decorated with `@override`,2
missing-override-decorator,missing-override-decorator: Method `save` overrides `VerifyObservationPersistencePort.save` but is not decorated with `@override`,2
missing-override-decorator,missing-override-decorator: Method `visit_AnnAssign` overrides `NodeVisitor.visit_AnnAssign` but is not decorated with `@override`,2
missing-override-decorator,missing-override-decorator: Method `visit_Assign` overrides `NodeVisitor.visit_Assign` but is not decorated with `@override`,2
missing-override-decorator,missing-override-decorator: Method `visit_AsyncFor` overrides `NodeVisitor.visit_AsyncFor` but is not decorated with `@override`,2
missing-override-decorator,missing-override-decorator: Method `visit_DictComp` overrides `NodeVisitor.visit_DictComp` but is not decorated with `@override`,2
missing-override-decorator,missing-override-decorator: Method `visit_For` overrides `NodeVisitor.visit_For` but is not decorated with `@override`,2
missing-override-decorator,missing-override-decorator: Method `visit_GeneratorExp` overrides `NodeVisitor.visit_GeneratorExp` but is not decorated with `@override`,2
missing-override-decorator,missing-override-decorator: Method `visit_ImportFrom` overrides `NodeVisitor.visit_ImportFrom` but is not decorated with `@override`,2
missing-override-decorator,missing-override-decorator: Method `visit_Import` overrides `NodeVisitor.visit_Import` but is not decorated with `@override`,2
missing-override-decorator,missing-override-decorator: Method `visit_ListComp` overrides `NodeVisitor.visit_ListComp` but is not decorated with `@override`,2
missing-override-decorator,missing-override-decorator: Method `visit_SetComp` overrides `NodeVisitor.visit_SetComp` but is not decorated with `@override`,2
not-iterable,not-iterable: Object of type `<class 'CustomerTaxStatus'>` is not iterable,2
not-iterable,not-iterable: Object of type `<class 'RentalReductionArt232Tier'>` is not iterable,2
not-iterable,not-iterable: Object of type `<class 'RetencionClave'>` is not iterable,2
not-iterable,not-iterable: Object of type `<class 'SituacionFamiliarM145'>` is not iterable,2
not-iterable,not-iterable: Object of type `<class 'ThirdPartyDeclarationRole'>` is not iterable,2
unknown-argument,unknown-argument: Argument `authority` does not match any known parameter of function `require_iva_territorial_scope`,2
unknown-argument,unknown-argument: Argument `borrador_snapshot_repository` does not match any known parameter of function `calculate_modelo_revision`,2
unknown-argument,unknown-argument: Argument `bucket_event_repository` does not match any known parameter of function `split_transaction_with_classified_children`,2
unknown-argument,unknown-argument: Argument `calculation_repository` does not match any known parameter of function `list_calculation_revisions`,2
unknown-argument,unknown-argument: Argument `calculation_repository` does not match any known parameter of function `update_manual_transaction_fields`,2
unknown-argument,unknown-argument: Argument `catalogues` does not match any known parameter of function `calculate_m303_regimen_simplificado_result`,2
unknown-argument,unknown-argument: Argument `iva_compensation_decision_repository` does not match any known parameter of function `file_modelo_revision`,2
unknown-argument,unknown-argument: Argument `operation` does not match any known parameter of function `deductible_percentage_for`,2
unknown-argument,unknown-argument: Argument `operation` does not match any known parameter of function `default_input_classification`,2
unknown-argument,unknown-argument: Argument `operation` does not match any known parameter of function `is_iva_cash_accounting_none`,2
unknown-argument,unknown-argument: Argument `operation` does not match any known parameter of function `ninguna_prorrata_register_regime`,2
unknown-argument,unknown-argument: Argument `operation` does not match any known parameter of function `regime_apportions_deduction`,2
unknown-argument,unknown-argument: Argument `repository` does not match any known parameter of function `list_work_units`,2
unknown-argument,unknown-argument: Argument `transaction_repository` does not match any known parameter of function `get_manual_transaction`,2
unknown-argument,unknown-argument: Argument `transaction_repository` does not match any known parameter of function `list_manual_transactions`,2
unknown-argument,unknown-argument: Argument `transaction_repository` does not match any known parameter of function `split_transaction_with_classified_children`,2
unknown-argument,unknown-argument: Argument `work_unit_repository` does not match any known parameter of function `update_manual_transaction_fields`,2
unresolved-attribute,unresolved-attribute: Attribute `append` is not defined on `None` in union `_WorksheetOrChartsheetLike | None`,2
unresolved-attribute,"unresolved-attribute: Attribute `entities` is not defined on `ScalarFactPayload`, `BracketFactPayload`, `MappingFactPayload`, `OverrideFactPayload`, `EventFactPayload`, `MultiOutputFactPayload` in union `ScalarFactPayload | BracketFactPayload | MappingFactPayload | ... omitted 4 union elements`",2
unresolved-attribute,"unresolved-attribute: Attribute `event_date` is not defined on `ScalarFactPayload`, `BracketFactPayload`, `MappingFactPayload`, `EntitySetFactPayload`, `OverrideFactPayload`, `MultiOutputFactPayload` in union `ScalarFactPayload | BracketFactPayload | MappingFactPayload | ... omitted 4 union elements`",2
unresolved-attribute,"unresolved-attribute: Attribute `outputs` is not defined on `ScalarFactPayload`, `BracketFactPayload`, `MappingFactPayload`, `EntitySetFactPayload`, `OverrideFactPayload`, `MultiOutputFactPayload` in union `ScalarFactPayload | BracketFactPayload | MappingFactPayload | ... omitted 4 union elements`",2
unresolved-attribute,"unresolved-attribute: Attribute `periods` is not defined on `AllRevisionContexts`, `NonCalculation` in union `AllRevisionContexts | TargetPeriods | NonCalculation`",2
unresolved-attribute,unresolved-attribute: Attribute `storage_root` is not defined on `None` in union `OperatorScopeSession | None`,2
unresolved-attribute,"unresolved-attribute: Attribute `temporal` is not defined on `ManualInputProvider`, `DesignConstantProvider`, `ProfileProvider`, `LedgerIvaProvider`, `LedgerOssProvider`, `LedgerRentaIncomeProvider`, `LedgerRentaGastosEstimacionDirectaProvider`, `LedgerRentaGastosPagoFraccionadoProvider`, `LedgerImpatriadoIncomeProvider`, `LedgerIrnrIncomeProvider`, `RetencionesAggregationProvider`, `WithholdingProvider`, `Withholding296Provider`, `LedgerTransactionProvider`, `PurchaseInvoiceEvidenceProvider`, `PayableInvoiceProvider`, `CollectibleInvoiceProvider`, `M347ThirdPartyOperationProvider`, `ForeignAssetProvider`, `RelatedPartyOperationProvider`, `AtribucionMemberProvider`, `RefundOperationProvider`, `DonativoDonorProvider`, `Gasto193ContributorProvider` in union `ManualInputProvider | DesignConstantProvider | ProfileProvider | ... omitted 24 union elements`",2
unresolved-attribute,unresolved-attribute: Class `EUMemberState` has no attribute `IE`,2
unresolved-attribute,unresolved-attribute: Class `EUMemberState` has no attribute `NL`,2
unresolved-attribute,unresolved-attribute: Class `ForeignAssetObligationGroup` has no attribute `INMUEBLES`,2
unresolved-attribute,unresolved-attribute: Class `ForeignAssetObligationGroup` has no attribute `VALORES_DERECHOS_SEGUROS`,2
unresolved-attribute,unresolved-attribute: Class `IVARegime` has no attribute `RECARGO_EQUIVALENCIA`,2
unresolved-attribute,unresolved-attribute: Class `IvaCuotaSettlement` has no attribute `NONE`,2
unresolved-attribute,unresolved-attribute: Class `IvaRetencionExpectation` has no attribute `NOT_EXPECTED`,2
unresolved-attribute,unresolved-attribute: Class `IvaRetencionRole` has no attribute `NONE`,2
unresolved-attribute,unresolved-attribute: Class `OssIossRegime` has no attribute `IMPORT_SCHEME`,2
unresolved-attribute,unresolved-attribute: Class `SectorDiferenciadoLetra` has no attribute `C`,2
unresolved-attribute,unresolved-attribute: Class `SituacionFamiliar` has no attribute `CASADO`,2
unresolved-attribute,unresolved-attribute: Class `SituacionFamiliar` has no attribute `PAREJA_HECHO_REGISTRADA`,2
unresolved-attribute,unresolved-attribute: Class `SituacionFamiliar` has no attribute `SEPARADO_DIVORCIADO`,2
unresolved-attribute,unresolved-attribute: Class `TransactionKind` has no attribute `WASTE_REVERSE_CHARGE`,2
unresolved-attribute,unresolved-attribute: Class `TravelAgencyMediationType` has no attribute `MEDIATED_SERVICE`,2
unresolved-attribute,unresolved-attribute: Function `resolve_filing_window` has no attribute `cache_clear`,2
unresolved-attribute,unresolved-attribute: Object of type `AST` has no attribute `body`,2
unresolved-attribute,unresolved-attribute: Object of type `CategoryT@resolve_first_slice_expense_routing` has no attribute `value`,2
unresolved-attribute,unresolved-attribute: Object of type `FiledDeclarationProtocol` has no attribute `ejercicio`,2
unresolved-attribute,unresolved-attribute: Object of type `GovernedFactSource` has no attribute `catalogues`,2
unresolved-attribute,unresolved-attribute: Object of type `GovernedFactSource` has no attribute `legal_evidence_text`,2
unresolved-attribute,unresolved-attribute: Object of type `ProrrataRegularizacionFeedProjection` has no attribute `modelo_303_casilla_44_id`,2
unresolved-attribute,unresolved-attribute: Object of type `object` has no attribute `amount`,2
unresolved-attribute,unresolved-attribute: Object of type `object` has no attribute `applied_amount`,2
unresolved-attribute,unresolved-attribute: Object of type `object` has no attribute `generated_amount`,2
unresolved-attribute,unresolved-attribute: Object of type `object` has no attribute `items`,2
unresolved-attribute,unresolved-attribute: Object of type `object` has no attribute `period`,2
unresolved-attribute,unresolved-attribute: Object of type `object` has no attribute `source_modelo`,2
unresolved-attribute,unresolved-attribute: Object of type `object` has no attribute `source_periods`,2
unresolved-attribute,unresolved-attribute: Object of type `object` has no attribute `taxpayer_nif`,2
unresolved-import,unresolved-import: Module `cadrumo.domain.calculations.registry.authority_artifact` has no member `AuthorityArtifactFormatError`,2
unresolved-import,unresolved-import: Module `cadrumo.domain.calculations.registry.authority_artifact` has no member `AuthorityArtifactUnavailableError`,2
unresolved-import,unresolved-import: Module `cadrumo.domain.renta.maritime_exemption` has no member `VesselRegistry`,2
unresolved-reference,unresolved-reference: Name `Period` used when not defined,2
unresolved-reference,unresolved-reference: Name `migrated_legal_parameter_fact_failures` used when not defined,2
unsound-assignment,"unsound-assignment: Unsound assignment: `Any & dict[Unknown, Unknown]` is not a subtype of `dict[str, object] | None`",2
unsound-return-statement,"unsound-return-statement: Unsound return statement: `(Any & dict[Unknown, Unknown]) | dict[str, object]` is not a subtype of `dict[str, object]`",2
unsound-return-statement,"unsound-return-statement: Unsound return statement: `Any & dict[Unknown, Unknown]` is not a subtype of `dict[str, object] | None`",2
unsound-return-statement,unsound-return-statement: Unsound return statement: `Any` is not a subtype of `BaseModel`,2
unsound-return-statement,unsound-return-statement: Unsound return statement: `Any` is not a subtype of `OperationId`,2
unsound-return-statement,unsound-return-statement: Unsound return statement: `Any` is not a subtype of `int`,2
unsound-return-statement,"unsound-return-statement: Unsound return statement: `Any` is not a subtype of `str | tuple[str, ...] | None`",2
unsound-return-statement,unsound-return-statement: Unsound return statement: `Literal[False] | Unknown` is not a subtype of `bool`,2
unsound-return-statement,unsound-return-statement: Unsound return statement: `Unknown` is not a subtype of `Path`,2
unsound-return-statement,unsound-return-statement: Unsound return statement: `Unknown` is not a subtype of `SecureObjectRepository`,2
unsound-return-statement,unsound-return-statement: Unsound return statement: `Unknown` is not a subtype of `Settings`,2
unsound-return-statement,unsound-return-statement: Unsound return statement: `Unknown` is not a subtype of `SpendingCategory`,2
unsound-return-statement,"unsound-return-statement: Unsound return statement: `Unknown` is not a subtype of `tuple[str, ...]`",2
unsound-return-statement,"unsound-return-statement: Unsound return statement: `dict[str, Any]` is not a subtype of `dict[str, object]`",2
unsound-return-statement,unsound-return-statement: Unsound return statement: `str | Unknown` is not a subtype of `str`,2
unsound-return-statement,"unsound-return-statement: Unsound return statement: `tuple[Any, ...]` is not a subtype of `tuple[str, ...]`",2
unsound-return-statement,"unsound-return-statement: Unsound return statement: `tuple[Unknown, ...]` is not a subtype of `tuple[WizardQuestion, ...]`",2
unsound-yield,unsound-yield: Unsound `yield`: `Unknown` is not a subtype of `PinnedAuthorityOperation`,2
unsupported-operator,unsupported-operator: Operator `not in` is not supported between objects of type `Unknown | None` and `object`,2
call-non-callable,call-non-callable: Object of type `<module 'cadrumo.entrypoints.cli.main'>` is not callable,1
call-non-callable,call-non-callable: Object of type `object` is not callable,1
invalid-argument-type,"invalid-argument-type: Argument to `list.__init__` is incorrect: Expected `Iterable[Unknown]`, found `<class 'IrpfActivityKind'>`",1
invalid-argument-type,"invalid-argument-type: Argument to `list.__init__` is incorrect: Expected `Iterable[Unknown]`, found `<class 'IvaFlowDirection'>`",1
invalid-argument-type,"invalid-argument-type: Argument to `list.__init__` is incorrect: Expected `Iterable[Unknown]`, found `<class 'ProrrataRegisterRegime'>`",1
invalid-argument-type,"invalid-argument-type: Argument to `list.__init__` is incorrect: Expected `Iterable[Unknown]`, found `<class 'RentalReductionArt232Tier'>`",1
invalid-argument-type,"invalid-argument-type: Argument to `set.__init__` is incorrect: Expected `Iterable[Unknown]`, found `<class 'ProrrataProvisionalProvenance'>`",1
invalid-argument-type,"invalid-argument-type: Argument to class `tuple` is incorrect: Expected `Iterable[Unknown]`, found `<class 'IvaCategory'>`",1
invalid-argument-type,"invalid-argument-type: Argument to constructor `frozenset.__new__` is incorrect: Expected `Iterable[Unknown]`, found `<class 'IvaCategory'>`",1
invalid-argument-type,invalid-argument-type: Argument expression after ** must be a mapping type: Found `object`,1
invalid-argument-type,"invalid-argument-type: Argument is incorrect: Expected `(DocumentTranscription, Settings, LLMProvider | None, EvidenceConsentProof | None, object, /) -> InvoiceDraft`, found `def unavailable(*args: object, **kwargs: object) -> object`",1
invalid-argument-type,"invalid-argument-type: Argument is incorrect: Expected `(InvoiceDraft, tuple[RegimeLegend, ...], PinnedAuthorityOperation, /) -> tuple[DraftDiscrepancyFinding, ...]`, found `(draft: InvoiceDraft) -> tuple[DraftDiscrepancyFinding]`",1
invalid-argument-type,"invalid-argument-type: Argument is incorrect: Expected `(PromptSpec, /) -> LLMClassifier`, found `(spec: PromptSpec) -> LocalTextLLMClassifier`",1
invalid-argument-type,"invalid-argument-type: Argument is incorrect: Expected `(tuple[VisionImage, ...], str, Settings, LLMProvider | None, EvidenceConsentProof | None, /) -> DocumentTranscription`, found `def vision_reader_was_not_expected(*args: object, **kwargs: object) -> object`",1
invalid-argument-type,"invalid-argument-type: Argument is incorrect: Expected `AttachmentStoreProtocol`, found `object`",1
invalid-argument-type,"invalid-argument-type: Argument is incorrect: Expected `BienesInversionIvaRegisterRepositoryProtocol`, found `_UnavailableExportAuthority`",1
invalid-argument-type,"invalid-argument-type: Argument is incorrect: Expected `BienesInversionIvaRegisterRepositoryProtocol`, found `object`",1
invalid-argument-type,"invalid-argument-type: Argument is incorrect: Expected `BucketEventHistoryRepositoryProtocol`, found `_EventRepository`",1
invalid-argument-type,"invalid-argument-type: Argument is incorrect: Expected `BucketEventHistoryRepositoryProtocol`, found `_InMemoryBucketEventRepository`",1
invalid-argument-type,"invalid-argument-type: Argument is incorrect: Expected `BucketEventHistoryRepositoryProtocol`, found `_UnavailableExportAuthority`",1
invalid-argument-type,"invalid-argument-type: Argument is incorrect: Expected `CalculationObservationRepositoryProtocol`, found `InMemoryObservationRepository`",1
invalid-argument-type,"invalid-argument-type: Argument is incorrect: Expected `CalculationObservationRepositoryProtocol`, found `_EmptyObservationRepository`",1
invalid-argument-type,"invalid-argument-type: Argument is incorrect: Expected `CalculationObservationRepositoryProtocol`, found `_UnavailableExportAuthority`",1
invalid-argument-type,"invalid-argument-type: Argument is incorrect: Expected `CalculationRevisionCatalogueRepositoryProtocol`, found `_EmptyCalculationRepository`",1
invalid-argument-type,"invalid-argument-type: Argument is incorrect: Expected `CalculationRevisionCatalogueRepositoryProtocol`, found `_UnavailableExportAuthority`",1
invalid-argument-type,"invalid-argument-type: Argument is incorrect: Expected `CatalogueInvoiceEventRepositoryPort`, found `_InMemoryEventRepository`",1
invalid-argument-type,"invalid-argument-type: Argument is incorrect: Expected `EvidencePageTextExtractor`, found `def extract_pages_text(_data: bytes) -> tuple[str, ...]`",1
invalid-argument-type,"invalid-argument-type: Argument is incorrect: Expected `EvidencePageTextExtractor`, found `def refuse(_data: bytes) -> tuple[str, ...]`",1
invalid-argument-type,"invalid-argument-type: Argument is incorrect: Expected `FactProviderCompiler`, found `(_root) -> tuple[()]`",1
invalid-argument-type,"invalid-argument-type: Argument is incorrect: Expected `FiledBaselineImportPort`, found `_InMemoryBaselineImport`",1
invalid-argument-type,"invalid-argument-type: Argument is incorrect: Expected `FiledCalculationObservationRepositoryPort`, found `_InMemoryCalculationRepository`",1
invalid-argument-type,"invalid-argument-type: Argument is incorrect: Expected `FiledDataCapturePort`, found `_UnavailableFiledDataCapturePort`",1
invalid-argument-type,"invalid-argument-type: Argument is incorrect: Expected `FiledDeclarationTransformationPort`, found `_InMemoryTransformation`",1
invalid-argument-type,"invalid-argument-type: Argument is incorrect: Expected `FiledIvaHistoryRepositoryPort`, found `_InMemoryIvaHistoryRepository`",1
invalid-argument-type,"invalid-argument-type: Argument is incorrect: Expected `FiledIvaObservationPersistencePort`, found `_InMemoryIvaObservationPersistence`",1
invalid-argument-type,"invalid-argument-type: Argument is incorrect: Expected `FiledObservationParserPort`, found `_InMemoryParser`",1
invalid-argument-type,"invalid-argument-type: Argument is incorrect: Expected `FiledObservationPersistencePort`, found `_InMemoryObservationPersistence`",1
invalid-argument-type,"invalid-argument-type: Argument is incorrect: Expected `InvoiceCatalogueCoCommitWriterProtocol`, found `_EmptyInvoiceRepository`",1
invalid-argument-type,"invalid-argument-type: Argument is incorrect: Expected `InvoiceCatalogueReader`, found `object`",1
invalid-argument-type,"invalid-argument-type: Argument is incorrect: Expected `InvoiceCatalogueRepositoryProtocol`, found `InMemoryInvoiceRepository`",1
invalid-argument-type,"invalid-argument-type: Argument is incorrect: Expected `Iterable[Literal[""borrador"", ""renta_ledger_default""]]`, found `tuple[str, ...]`",1
invalid-argument-type,"invalid-argument-type: Argument is incorrect: Expected `IvaWalletDecisionRepositoryProtocol`, found `_UnavailableExportAuthority`",1
invalid-argument-type,"invalid-argument-type: Argument is incorrect: Expected `JustificanteMetadataPort`, found `JustificanteRepository`",1
invalid-argument-type,"invalid-argument-type: Argument is incorrect: Expected `JustificanteRepositoryProtocol`, found `_InMemoryJustificanteRepository`",1
invalid-argument-type,"invalid-argument-type: Argument is incorrect: Expected `JustificanteRepositoryProtocol`, found `_UnavailableExportAuthority`",1
invalid-argument-type,"invalid-argument-type: Argument is incorrect: Expected `LaxDecimal | None`, found `Unknown | IvaDeductionClassificationProvenance`",1
invalid-argument-type,"invalid-argument-type: Argument is incorrect: Expected `LaxDecimal`, found `Unknown | IvaDeductionClassificationProvenance`",1
invalid-argument-type,"invalid-argument-type: Argument is incorrect: Expected `LaxInt | None`, found `object`",1
invalid-argument-type,"invalid-argument-type: Argument is incorrect: Expected `LaxStr`, found `str | None`",1
invalid-argument-type,"invalid-argument-type: Argument is incorrect: Expected `LedgerProviderResolverProtocol`, found `_ProviderResolverFake`",1
invalid-argument-type,"invalid-argument-type: Argument is incorrect: Expected `Literal[""1"", ""2""] | None`, found `str | None`",1
invalid-argument-type,"invalid-argument-type: Argument is incorrect: Expected `Literal[""exactly_one"", ""at_least_one"", ""zero_or_more""]`, found `str`",1
invalid-argument-type,"invalid-argument-type: Argument is incorrect: Expected `Literal[""replaced""]`, found `tuple[str]`",1
invalid-argument-type,"invalid-argument-type: Argument is incorrect: Expected `Literal[""retired""]`, found `tuple[str]`",1
invalid-argument-type,"invalid-argument-type: Argument is incorrect: Expected `M036DeclarationRepositoryPort`, found `_DeclarationRepository`",1
invalid-argument-type,"invalid-argument-type: Argument is incorrect: Expected `ModeloFactProjector | None`, found `(_modelos) -> tuple[()]`",1
invalid-argument-type,"invalid-argument-type: Argument is incorrect: Expected `ModeloRecordCatalogueRepositoryProtocol`, found `_InMemoryFilingRepository`",1
invalid-argument-type,"invalid-argument-type: Argument is incorrect: Expected `ModeloRecordCatalogueRepositoryProtocol`, found `_UnavailableExportAuthority`",1
invalid-argument-type,"invalid-argument-type: Argument is incorrect: Expected `ModeloRecordCatalogueRepositoryProtocol`, found `object`",1
invalid-argument-type,"invalid-argument-type: Argument is incorrect: Expected `PercepcionObservationRepository`, found `_EmptyPercepcionRepository`",1
invalid-argument-type,"invalid-argument-type: Argument is incorrect: Expected `ProrrataRegisterRepositoryProtocol`, found `_UnavailableExportAuthority`",1
invalid-argument-type,"invalid-argument-type: Argument is incorrect: Expected `RetencionObservationRepository`, found `_EmptyRetencionRepository`",1
invalid-argument-type,"invalid-argument-type: Argument is incorrect: Expected `StructuredInvoiceReader`, found `def structured_reader_was_not_expected(*args: object, **kwargs: object) -> object`",1
invalid-argument-type,"invalid-argument-type: Argument is incorrect: Expected `TransactionCatalogueCoCommitWriterProtocol`, found `_InMemoryTransactionRepository`",1
invalid-argument-type,"invalid-argument-type: Argument is incorrect: Expected `TransactionCatalogueReader`, found `_TransactionCatalogueReader`",1
invalid-argument-type,"invalid-argument-type: Argument is incorrect: Expected `TransactionCatalogueReader`, found `_TransactionReader`",1
invalid-argument-type,"invalid-argument-type: Argument is incorrect: Expected `TransactionCatalogueRepositoryProtocol`, found `InMemoryTransactionRepository`",1
invalid-argument-type,"invalid-argument-type: Argument is incorrect: Expected `TransactionCatalogueRepositoryProtocol`, found `_EmptyTransactionRepository`",1
invalid-argument-type,"invalid-argument-type: Argument is incorrect: Expected `TransactionCatalogueRepositoryProtocol`, found `_UnavailableExportAuthority`",1
invalid-argument-type,"invalid-argument-type: Argument is incorrect: Expected `UsageRatioProfileLoader`, found `(*, bucket_id) -> UsageRatioProfile`",1
invalid-argument-type,"invalid-argument-type: Argument is incorrect: Expected `VerificationReportCatalogueRepositoryProtocol`, found `_UnavailableExportAuthority`",1
invalid-argument-type,"invalid-argument-type: Argument is incorrect: Expected `WorkUnitCatalogueRepositoryProtocol`, found `_EmptyWorkUnitRepository`",1
invalid-argument-type,"invalid-argument-type: Argument is incorrect: Expected `WorkUnitCatalogueRepositoryProtocol`, found `_UnavailableExportAuthority`",1
invalid-argument-type,"invalid-argument-type: Argument is incorrect: Expected `WorkUnitCatalogueRepositoryProtocol`, found `object`",1
invalid-argument-type,"invalid-argument-type: Argument is incorrect: Expected `bool`, found `object`",1
invalid-argument-type,"invalid-argument-type: Argument is incorrect: Expected `frozenset[IvaComponentPresence]`, found `frozenset[_IvaRegistryToken]`",1
invalid-argument-type,"invalid-argument-type: Argument is incorrect: Expected `frozenset[IvaKindApplicability]`, found `frozenset[_IvaRegistryToken]`",1
invalid-argument-type,"invalid-argument-type: Argument is incorrect: Expected `frozenset[IvaRetencionExpectation]`, found `frozenset[_IvaRegistryToken]`",1
invalid-argument-type,"invalid-argument-type: Argument is incorrect: Expected `frozenset[IvaRetencionRole]`, found `frozenset[_IvaRegistryToken]`",1
invalid-argument-type,"invalid-argument-type: Argument is incorrect: Expected `int`, found `object`",1
invalid-argument-type,"invalid-argument-type: Argument is incorrect: Expected `tuple[tuple[str, str], ...]`, found `tuple[tuple[str, object], ...]`",1
invalid-argument-type,"invalid-argument-type: Argument to `AggregationError.__init__` is incorrect: Expected `Translatable`, found `Literal[""selected registry revision does not match the requested IRNR scope""]`",1
invalid-argument-type,"invalid-argument-type: Argument to `AggregationError.__init__` is incorrect: Expected `Translatable`, found `Literal[""selected registry revision exposes no income codes for the requested period""]`",1
invalid-argument-type,"invalid-argument-type: Argument to `AggregationError.__init__` is incorrect: Expected `Translatable`, found `Literal[""selected registry revision must expose exactly one coded income namespace""]`",1
invalid-argument-type,"invalid-argument-type: Argument to `AggregationError.__init__` is incorrect: Expected `Translatable`, found `Literal[""transaction_kind is not admitted by the supplied OSS/IOSS regime""]`",1
invalid-argument-type,"invalid-argument-type: Argument to `BienesInversionIvaRegisterRepository.__init__` is incorrect: Expected `SecureObjectRepository | None`, found `~AlwaysFalsy | SecureObjectRepository`",1
invalid-argument-type,"invalid-argument-type: Argument to `BucketEventHistoryRepository.__init__` is incorrect: Expected `SecureObjectRepository | None`, found `~AlwaysFalsy | SecureObjectRepository`",1
invalid-argument-type,"invalid-argument-type: Argument to `CalculationRevisionCatalogueRepository.__init__` is incorrect: Expected `SecureObjectRepository | None`, found `~AlwaysFalsy | SecureObjectRepository`",1
invalid-argument-type,"invalid-argument-type: Argument to `InvoiceCatalogueRepository.__init__` is incorrect: Expected `SecureObjectRepository | None`, found `object`",1
invalid-argument-type,"invalid-argument-type: Argument to `LedgerIvaAggregationSourceResolver.__init__` is incorrect: Expected `ProrrataRegisterRepositoryProtocol`, found `_InMemoryProrrataRegisterRepository`",1
invalid-argument-type,"invalid-argument-type: Argument to `LedgerIvaAggregationSourceResolver.__init__` is incorrect: Expected `TransactionCatalogueRepositoryProtocol`, found `TransactionCatalogueRepository | None`",1
invalid-argument-type,"invalid-argument-type: Argument to `LedgerIvaAggregationSourceResolver.__init__` is incorrect: Expected `TransactionCatalogueRepositoryProtocol`, found `_InMemoryTransactionCatalogueRepository`",1
invalid-argument-type,"invalid-argument-type: Argument to `LedgerRentaGastosEstimacionDirectaAggregationSourceResolver.__init__` is incorrect: Expected `ProrrataRegisterRepositoryProtocol`, found `_InMemoryProrrataRegisterRepository`",1
invalid-argument-type,"invalid-argument-type: Argument to `LedgerRentaGastosEstimacionDirectaAggregationSourceResolver.__init__` is incorrect: Expected `UsageRatioProfileLoader`, found `(*, bucket_id) -> UsageRatioProfile`",1
invalid-argument-type,"invalid-argument-type: Argument to `ModeloRecordCatalogueRepository.__init__` is incorrect: Expected `SecureObjectRepository | None`, found `~AlwaysFalsy | SecureObjectRepository`",1
invalid-argument-type,"invalid-argument-type: Argument to `PreviousFilingSourceResolver.__init__` is incorrect: Expected `CalculationObservationRepositoryProtocol`, found `_EmptyCalculationObservationRepository`",1
invalid-argument-type,"invalid-argument-type: Argument to `PreviousFilingSourceResolver.__init__` is incorrect: Expected `IvaCompensationHistoryRepositoryProtocol`, found `_EmptyIvaCompensationHistoryRepository`",1
invalid-argument-type,"invalid-argument-type: Argument to `PreviousFilingSourceResolver.__init__` is incorrect: Expected `RegistrySnapshot | None`, found `ModeloRevision`",1
invalid-argument-type,"invalid-argument-type: Argument to `ProrrataRegisterRepository.__init__` is incorrect: Expected `SecureObjectRepository | None`, found `~AlwaysFalsy | SecureObjectRepository`",1
invalid-argument-type,"invalid-argument-type: Argument to `ProrrataRegisterService.__init__` is incorrect: Expected `ProrrataRegisterServiceRepositoryProtocol`, found `_InMemoryProrrataRegisterRepository`",1
invalid-argument-type,"invalid-argument-type: Argument to `RegistrationScreen.__init__` is incorrect: Expected `(str, str, str, (ProfileRecoveryEnrollment, /) -> str, /) -> RegistrationAttempt`, found `(_request: str) -> None`",1
invalid-argument-type,"invalid-argument-type: Argument to `SecureBoundRepository.__init__` is incorrect: Expected `SecureObjectRepository | None`, found `object`",1
invalid-argument-type,"invalid-argument-type: Argument to `Signature.__init__` is incorrect: Expected `Sequence[Parameter] | None`, found `GeneratorType[Parameter, None, None]`",1
invalid-argument-type,"invalid-argument-type: Argument to `TransactionCatalogueRepository.__init__` is incorrect: Expected `SecureObjectRepository | None`, found `object`",1
invalid-argument-type,"invalid-argument-type: Argument to `TransactionCatalogueRepository.__init__` is incorrect: Expected `SecureObjectRepository | None`, found `~AlwaysFalsy | SecureObjectRepository`",1
invalid-argument-type,"invalid-argument-type: Argument to `Tuple.__init__` is incorrect: Expected `list[expr]`, found `list[expr | None]`",1
invalid-argument-type,"invalid-argument-type: Argument to `VerificationReportCatalogueRepository.__init__` is incorrect: Expected `SecureObjectRepository | None`, found `~AlwaysFalsy | SecureObjectRepository`",1
invalid-argument-type,"invalid-argument-type: Argument to `WorkUnitCatalogueRepository.__init__` is incorrect: Expected `SecureObjectRepository | None`, found `~AlwaysFalsy | SecureObjectRepository`",1
invalid-argument-type,"invalid-argument-type: Argument to `_ProfilePathValuesFake.__init__` is incorrect: Expected `Mapping[str, str] | None`, found `dict[str, str | int | Decimal | date | None]`",1
invalid-argument-type,"invalid-argument-type: Argument to bound method `AccountedAuthorityCache.get_or_load` is incorrect: Expected `() -> RetainedAuthorityValue[dict[str, tuple[str, ...]]]`, found `() -> RetainedAuthorityValue[dict[str, tuple[str, str]]]`",1
invalid-argument-type,"invalid-argument-type: Argument to bound method `CitationLookup.from_component_reader` is incorrect: Expected `AuthorityComponentReader`, found `PinnedAuthorityOperation`",1
invalid-argument-type,"invalid-argument-type: Argument to bound method `DeclaracionesRegisterSession.capture_observation` is incorrect: Expected `Declaracion`, found `FiledDeclarationProtocol`",1
invalid-argument-type,"invalid-argument-type: Argument to bound method `DeclaracionesRegisterSession.capture_observation` is incorrect: Expected `Declaracion`, found `FiledRegisterDeclarationProtocol`",1
invalid-argument-type,"invalid-argument-type: Argument to bound method `DeclaracionesRegisterSession.capture_observation` is incorrect: Expected `FiledDeclaracionArtefactSink | None`, found `((...) -> FiledObservationArtefactProtocol) | None`",1
invalid-argument-type,"invalid-argument-type: Argument to bound method `DeclaracionesRegisterSession.capture_observation` is incorrect: Expected `FiledDeclaracionArtefactSink | None`, found `bound method FiledObservationPersistencePort.persist_artefact(observation_key: tuple[str, int, Period, str], artefact: FiledObservationArtefactProtocol, body: bytes) -> FiledObservationArtefactProtocol`",1
invalid-argument-type,"invalid-argument-type: Argument to bound method `FiledDeclaracionObservationStore.persist_artefact` is incorrect: Expected `FiledDeclaracionArtefact`, found `FiledObservationArtefactProtocol`",1
invalid-argument-type,"invalid-argument-type: Argument to bound method `FiledDeclaracionObservationStore.persist_observation` is incorrect: Expected `FiledDeclaracionObservation`, found `FiledObservationProtocol`",1
invalid-argument-type,"invalid-argument-type: Argument to bound method `MutableMapping.update` is incorrect: Expected `str | tuple[str]`, found `tuple[Literal[""a""], Literal[""c""]]`",1
invalid-argument-type,"invalid-argument-type: Argument to bound method `MutableMapping.update` is incorrect: Expected `str | tuple[str]`, found `tuple[Literal[""b""], Literal[""d""]]`",1
invalid-argument-type,"invalid-argument-type: Argument to bound method `NotificationsService.capture` is incorrect: Expected `cadrumo.application.live.notification_ports.NotificationsSnapshot`, found `cadrumo.adapters.outbound.aeat.sede.notifications.NotificationsSnapshot`",1
invalid-argument-type,"invalid-argument-type: Argument to bound method `ProfileCapsuleLifecycle.create` is incorrect: Expected `ProfileCustodyRecoveryEnvelopePort`, found `None`",1
invalid-argument-type,"invalid-argument-type: Argument to bound method `RegistryValidator.validate_modelo` is incorrect: Expected `ModeloDefinition`, found `tuple[ModeloDefinition, RegistryCatalogues]`",1
invalid-argument-type,"invalid-argument-type: Argument to bound method `RetencionObservationRepositoryAdapter.save_observation` is incorrect: Expected `AggregationCaptureKind`, found `Literal[""aeat_sede_justificante""]`",1
invalid-argument-type,"invalid-argument-type: Argument to bound method `list.append` is incorrect: Expected `AST`, found `expr | None`",1
invalid-argument-type,"invalid-argument-type: Argument to bound method `list.extend` is incorrect: Expected `Iterable[Never]`, found `Iterator[AST]`",1
invalid-argument-type,"invalid-argument-type: Argument to bound method `set.add` is incorrect: Expected `tuple[Decimal, date, date | None]`, found `tuple[Decimal, date | None, date | None]`",1
invalid-argument-type,"invalid-argument-type: Argument to bound method `set.add` is incorrect: Expected `tuple[EUMemberState, IvaRateKind, date, Decimal, bool]`, found `tuple[EUMemberState, IvaRateKind, date | None, Decimal, bool]`",1
invalid-argument-type,"invalid-argument-type: Argument to class `tuple` is incorrect: Expected `Iterable[Unknown]`, found `object`",1
invalid-argument-type,"invalid-argument-type: Argument to class `tuple` is incorrect: Expected `Iterable[Unknown]`, found `~AlwaysFalsy`",1
invalid-argument-type,"invalid-argument-type: Argument to constructor `IvaFlowDirection.__new__` is incorrect: Expected `str`, found `object`",1
invalid-argument-type,"invalid-argument-type: Argument to constructor `Path.__new__` is incorrect: Expected `str | PathLike[str]`, found `Traversable`",1
invalid-argument-type,"invalid-argument-type: Argument to function `_DeadWeightSignalProcessor._comparison` is incorrect: Expected `dict[str, object]`, found `dict[str, object] | (Any & dict[Unknown, Unknown]) | dict[str, dict[str, str | float]]`",1
invalid-argument-type,"invalid-argument-type: Argument to function `_annotation_target` is incorrect: Expected `AST`, found `expr | None`",1
invalid-argument-type,"invalid-argument-type: Argument to function `_casilla` is incorrect: Expected `tuple[str, ...]`, found `object`",1
invalid-argument-type,"invalid-argument-type: Argument to function `_confirm` is incorrect: Expected `str`, found `str | Decimal`",1
invalid-argument-type,invalid-argument-type: Argument to function `_enum_or_none` is incorrect: Argument type `IvaCategory` does not satisfy upper bound `StrEnum` of type variable `EnumT`,1
invalid-argument-type,"invalid-argument-type: Argument to function `_finding` is incorrect: Expected `Sequence[Mapping[str, object]]`, found `tuple[object]`",1
invalid-argument-type,"invalid-argument-type: Argument to function `_merge` is incorrect: Expected `dict[str, LocaleNode]`, found `LocaleNode`",1
invalid-argument-type,"invalid-argument-type: Argument to function `_selected_registry_ledger_declarations` is incorrect: Expected `WorkUnit`, found `object`",1
invalid-argument-type,"invalid-argument-type: Argument to function `_self_assigned_attributes` is incorrect: Expected `type`, found `_SourceTuiClass`",1
invalid-argument-type,"invalid-argument-type: Argument to function `_snapshot_for_provider` is incorrect: Expected `Period`, found `None`",1
invalid-argument-type,"invalid-argument-type: Argument to function `_snapshot_for_provider` is incorrect: Expected `int`, found `None`",1
invalid-argument-type,"invalid-argument-type: Argument to function `_static_type_hints` is incorrect: Expected `_StaticTarget`, found `(...) -> object`",1
invalid-argument-type,"invalid-argument-type: Argument to function `_textual_private_surface` is incorrect: Expected `type`, found `_SourceTuiClass`",1
invalid-argument-type,"invalid-argument-type: Argument to function `_write_sociedades_coverage_fixture` is incorrect: Expected `int`, found `str | int`",1
invalid-argument-type,"invalid-argument-type: Argument to function `_write_sociedades_coverage_fixture` is incorrect: Expected `str | None`, found `str | int`",1
invalid-argument-type,"invalid-argument-type: Argument to function `add_recipient_fingerprint` is incorrect: Expected `datetime | None`, found `object`",1
invalid-argument-type,"invalid-argument-type: Argument to function `apply_evidence_split` is incorrect: Expected `BucketEventHistoryRepositoryProtocol`, found `BucketEventHistoryRepositoryProtocol | None`",1
invalid-argument-type,"invalid-argument-type: Argument to function `apply_evidence_split` is incorrect: Expected `TransactionCatalogueRepositoryProtocol`, found `TransactionCatalogueRepositoryProtocol | None`",1
invalid-argument-type,"invalid-argument-type: Argument to function `apply_llm_classification` is incorrect: Expected `BucketEventHistoryRepositoryProtocol`, found `BucketEventHistoryRepositoryProtocol | None`",1
invalid-argument-type,"invalid-argument-type: Argument to function `apply_llm_classification` is incorrect: Expected `TransactionCatalogueRepositoryProtocol`, found `TransactionCatalogueRepositoryProtocol | None`",1
invalid-argument-type,"invalid-argument-type: Argument to function `apply_saturated_llm_classification` is incorrect: Expected `BucketEventHistoryRepositoryProtocol`, found `BucketEventHistoryRepositoryProtocol | None`",1
invalid-argument-type,"invalid-argument-type: Argument to function `apply_saturated_llm_classification` is incorrect: Expected `TransactionCatalogueRepositoryProtocol`, found `TransactionCatalogueRepositoryProtocol | None`",1
invalid-argument-type,"invalid-argument-type: Argument to function `assess_retention_floor` is incorrect: Expected `GovernedFactSource | None`, found `int`",1
invalid-argument-type,"invalid-argument-type: Argument to function `binding_consumers` is incorrect: Expected `ModeloRevision`, found `~None`",1
invalid-argument-type,"invalid-argument-type: Argument to function `build_error_breakdown` is incorrect: Expected `str | None`, found `_FakeAuthProbe | date | LLMRunTelemetryDiagnosticsAdapter`",1
invalid-argument-type,"invalid-argument-type: Argument to function `build_google_sheets_export_operation_definition` is incorrect: Expected `GoogleSheetsExportPreparePort`, found `(_profile: str) -> Prepared`",1
invalid-argument-type,"invalid-argument-type: Argument to function `build_latency_report` is incorrect: Expected `str | None`, found `_FakeAuthProbe | date | LLMRunTelemetryDiagnosticsAdapter`",1
invalid-argument-type,"invalid-argument-type: Argument to function `build_lexical_index` is incorrect: Expected `Iterable[CorpusChunk]`, found `object`",1
invalid-argument-type,"invalid-argument-type: Argument to function `build_llm_usage_report` is incorrect: Expected `str | None`, found `_FakeAuthProbe | date | LLMRunTelemetryDiagnosticsAdapter`",1
invalid-argument-type,"invalid-argument-type: Argument to function `build_run_health_report` is incorrect: Expected `DiagnosticAuthProbePort`, found `_FakeAuthProbe | date | LLMRunTelemetryDiagnosticsAdapter`",1
invalid-argument-type,"invalid-argument-type: Argument to function `build_run_health_report` is incorrect: Expected `str | None`, found `_FakeAuthProbe | date | LLMRunTelemetryDiagnosticsAdapter`",1
invalid-argument-type,"invalid-argument-type: Argument to function `build_runtime_schema_provider` is incorrect: Expected `int`, found `int | None`",1
invalid-argument-type,"invalid-argument-type: Argument to function `calculation_result_summary` is incorrect: Expected `((str, /) -> WorkUnit) | None`, found `(_work_unit_id: str) -> None`",1
invalid-argument-type,"invalid-argument-type: Argument to function `calculation_result_summary` is incorrect: Expected `((str, /) -> WorkUnit) | None`, found `(_work_unit_id: str) -> SimpleNamespace`",1
invalid-argument-type,"invalid-argument-type: Argument to function `capture_justificante` is incorrect: Expected `AeatSession`, found `~None`",1
invalid-argument-type,"invalid-argument-type: Argument to function `capture_justificante` is incorrect: Expected `Expediente`, found `object`",1
invalid-argument-type,"invalid-argument-type: Argument to function `capture_justificante` is incorrect: Expected `Settings | None`, found `~None`",1
invalid-argument-type,"invalid-argument-type: Argument to function `capture_previous_filing_observations` is incorrect: Expected `FiledDeclaracionArtefactSink | None`, found `((...) -> FiledObservationArtefactProtocol) | None`",1
invalid-argument-type,"invalid-argument-type: Argument to function `capture_relation_source_observations` is incorrect: Expected `FiledDeclaracionArtefactSink | None`, found `((...) -> FiledObservationArtefactProtocol) | None`",1
invalid-argument-type,"invalid-argument-type: Argument to function `discover_filed_history` is incorrect: Expected `FiledDataCapturePort`, found `_DiscoveryPort`",1
invalid-argument-type,"invalid-argument-type: Argument to function `dt12_reduccion_advisory_finding` is incorrect: Expected `PinnedAuthorityOperation`, found `ValidatedRegistryAuthority`",1
invalid-argument-type,"invalid-argument-type: Argument to function `execute_reviewed_decision` is incorrect: Expected `ReviewedSuggestion`, found `LLMClassificationSuggestion`",1
invalid-argument-type,"invalid-argument-type: Argument to function `fetch_notifications_query` is incorrect: Expected `AeatSession`, found `object`",1
invalid-argument-type,"invalid-argument-type: Argument to function `fetch_notifications_query` is incorrect: Expected `Settings | None`, found `object`",1
invalid-argument-type,"invalid-argument-type: Argument to function `getsourcefile` is incorrect: Expected `ModuleType | type[Any] | ((...) -> Any) | ... omitted 3 union elements`, found `object`",1
invalid-argument-type,"invalid-argument-type: Argument to function `ground_structured_value` is incorrect: Expected `((str, /) -> str | None) | None`, found `def country_code_for_stated_country_code(stated_code: str | None, *, operation: PinnedAuthorityOperation) -> str | None`",1
invalid-argument-type,"invalid-argument-type: Argument to function `inject_derived_autonomic_deduccion_facts` is incorrect: Expected `PinnedAuthorityOperation`, found `ValidatedRegistryAuthority`",1
invalid-argument-type,"invalid-argument-type: Argument to function `len` is incorrect: Expected `Sized`, found `object`",1
invalid-argument-type,"invalid-argument-type: Argument to function `m303_m349_intracom_reconcile_findings` is incorrect: Expected `CalculationRevisionCatalogueRepositoryProtocol`, found `_InMemoryCalculationRevisionRepository`",1
invalid-argument-type,"invalid-argument-type: Argument to function `m303_m349_intracom_reconcile_findings` is incorrect: Expected `WorkUnitCatalogueRepositoryProtocol`, found `_InMemoryWorkUnitRepository`",1
invalid-argument-type,"invalid-argument-type: Argument to function `madrid_nacimiento_adopcion_candidate_weighted_count` is incorrect: Expected `PinnedAuthorityOperation`, found `ValidatedRegistryAuthority`",1
invalid-argument-type,"invalid-argument-type: Argument to function `non_numeric_observed_casillas` is incorrect: Expected `FiledDeclaracionObservation`, found `FiledObservationProtocol`",1
invalid-argument-type,"invalid-argument-type: Argument to function `operation_secure_reference_repository` is incorrect: Expected `SecureObjectRepository | None`, found `object`",1
invalid-argument-type,"invalid-argument-type: Argument to function `prepare_workbench_bootstrap` is incorrect: Expected `ProfileSessionResumeDoorV1`, found `(*, bucket_id) -> Literal[""expired""]`",1
invalid-argument-type,"invalid-argument-type: Argument to function `profile_binding_selectors` is incorrect: Expected `ManualInputProvider | DesignConstantProvider | ProfileProvider | ... omitted 28 union elements`, found `_UnrelatedSelector`",1
invalid-argument-type,"invalid-argument-type: Argument to function `pull_censal_datos` is incorrect: Expected `BrowserSessionFactoryPort`, found `def _unused_browser_session_factory(settings: object) -> CoroutineType[Any, Any, object]`",1
invalid-argument-type,"invalid-argument-type: Argument to function `pull_censal_datos` is incorrect: Expected `CensalFetchPort`, found `def _unused_censal_fetch(session: object, *, taxpayer_nif: str, settings: object) -> CoroutineType[Any, Any, object]`",1
invalid-argument-type,"invalid-argument-type: Argument to function `pull_filed_history` is incorrect: Expected `OperationEventEmitter | None`, found `object`",1
invalid-argument-type,"invalid-argument-type: Argument to function `pull_filed_history` is incorrect: Expected `SyncRunRecordRepositoryProtocol | None`, found `object`",1
invalid-argument-type,"invalid-argument-type: Argument to function `pull_filed_history` is incorrect: Expected `TaxpayerProfile | None`, found `object`",1
invalid-argument-type,"invalid-argument-type: Argument to function `reconcile_modelo_303_iva_compensation` is incorrect: Expected `IvaWalletDecisionRepositoryProtocol`, found `IvaWalletDecisionRepository | None`",1
invalid-argument-type,"invalid-argument-type: Argument to function `registry_observation_from_filed_declaration` is incorrect: Expected `FiledDeclaracionObservation`, found `FiledObservationProtocol`",1
invalid-argument-type,"invalid-argument-type: Argument to function `reject_llm_suggestion` is incorrect: Expected `BucketEventHistoryRepositoryProtocol`, found `BucketEventHistoryRepositoryProtocol | None`",1
invalid-argument-type,"invalid-argument-type: Argument to function `reject_llm_suggestion` is incorrect: Expected `TransactionCatalogueRepositoryProtocol`, found `TransactionCatalogueRepositoryProtocol | None`",1
invalid-argument-type,"invalid-argument-type: Argument to function `reject_llm_suggestion` is incorrect: Expected `cadrumo.application.ledger.llm_classification_ports.LLMClassificationSuggestion | LLMSplitSuggestion`, found `cadrumo.adapters.outbound.llm.suggestions.LLMClassificationSuggestion`",1
invalid-argument-type,"invalid-argument-type: Argument to function `resolve_bucket_event_repository` is incorrect: Expected `BucketEventHistoryCoCommitWriterProtocol | None`, found `BucketEventHistoryRepositoryProtocol | None`",1
invalid-argument-type,"invalid-argument-type: Argument to function `resolve_filing_window` is incorrect: Expected `ResultDisposition | None`, found `object`",1
invalid-argument-type,"invalid-argument-type: Argument to function `resolve_iva_rate_from_component` is incorrect: Expected `AuthorityComponentReader`, found `PinnedAuthorityOperation`",1
invalid-argument-type,"invalid-argument-type: Argument to function `save_transaction_catalogue_and_events` is incorrect: Expected `TransactionCatalogueCoCommitWriterProtocol`, found `_InterleavingTransactionWriter`",1
invalid-argument-type,"invalid-argument-type: Argument to function `signature` is incorrect: Expected `(...) -> Any`, found `object`",1
invalid-argument-type,"invalid-argument-type: Argument to function `store_compiled_registry_cache` is incorrect: Expected `CompiledRegistryPayload`, found `tuple[Literal[""not""], Literal[""a""], Literal[""compiled""], Literal[""registry""]]`",1
invalid-argument-type,"invalid-argument-type: Argument to function `verify_csv` is incorrect: Expected `(() -> Awaitable[VerifyBrowserSessionLike]) | None`, found `(() -> object) | None`",1
invalid-argument-type,"invalid-argument-type: Argument to function `verify_csv` is incorrect: Expected `VerifyBrowserSessionLike | None`, found `object`",1
invalid-argument-type,"invalid-argument-type: Argument to function `walk` is incorrect: Expected `AST`, found `expr | None`",1
invalid-argument-type,"invalid-argument-type: Method `__getitem__` of type `bound method Mapping[CasillaId, Decimal].__getitem__(key: CasillaId, /) -> Decimal` cannot be called with key of type `None` on object of type `Mapping[CasillaId, Decimal]`",1
invalid-argument-type,"invalid-argument-type: Method `__getitem__` of type `bound method dict[str, ModuleType].__getitem__(key: str, /) -> ModuleType` cannot be called with key of type `None` on object of type `dict[str, ModuleType]`",1
invalid-argument-type,"invalid-argument-type: Method `__getitem__` of type `bound method str.__getitem__(key: SupportsIndex | slice[SupportsIndex | None, SupportsIndex | None, SupportsIndex | None], /) -> str` cannot be called with key of type `Literal[""associated_row_ids""]` on object of type `str`",1
invalid-assignment,invalid-assignment: Cannot assign to a subscript on an object of type `object`,1
invalid-assignment,"invalid-assignment: Invalid subscript assignment with key of type `Enum | CategoryT@resolve_first_slice_expense_routing` and value of type `CasillaId` on object of type `dict[CategoryT@resolve_first_slice_expense_routing, CasillaId]`",1
invalid-assignment,"invalid-assignment: Invalid subscript assignment with key of type `str` and value of type `tuple[date | None, date | None, str, str | int | Decimal | date, str | int | Decimal | date]` on object of type `dict[str, tuple[date, date, str, str, str]]`",1
invalid-assignment,"invalid-assignment: Invalid subscript assignment with key of type `str` and value of type `tuple[date | None, str | int | Decimal | date, str | int | Decimal | date | None, str | int | Decimal | date, str, str | int | Decimal | date, str | int | Decimal | date]` on object of type `dict[str, tuple[date, str, str | None, str, str, str, str]]`",1
invalid-assignment,"invalid-assignment: Object of type `Literal[""Datos""]` is not assignable to attribute `title` on type `_WorksheetOrChartsheetLike | None`",1
invalid-assignment,"invalid-assignment: Object of type `dict[str, ((object, /) -> object) | ((value: object, info: ValidationInfo[Any | None]) -> object)]` is not assignable to `dict[str, (object, /) -> object]`",1
invalid-assignment,"invalid-assignment: Object of type `list[dict[str, Any] | dict[str, None | list[dict[str, Any]] | bool | ... omitted 4 union elements] | str]` is not assignable to `list[str]`",1
invalid-assignment,invalid-assignment: Object of type `list[str | None]` is not assignable to `list[str]`,1
invalid-assignment,"invalid-assignment: Object of type `tuple[tuple[Literal[""aeat/iva/catalogues.toml""], def iva_catalogue_years(*, operation: PinnedAuthorityOperation) -> frozenset[int]], tuple[Literal[""aeat/iva/place_of_supply.toml""], def place_of_supply_years(*, operation: PinnedAuthorityOperation) -> frozenset[int]]]` is not assignable to `tuple[tuple[str, () -> Collection[int]], ...]`",1
invalid-assignment,"invalid-assignment: Object of type `tuple[tuple[Literal[""workflow_state""], () -> WorkflowState], tuple[Literal[""workflow_runs""], () -> tuple[WorkflowResult, ...]], tuple[Literal[""bucket_events""], () -> BucketEventHistoryCatalogue], tuple[Literal[""auth_diagnostics""], def list_auth_diagnostics(*, persistence: AuthDiagnosticPersistencePort) -> AuthDiagnosticListReport], tuple[Literal[""auth_apoderado""], () -> ApoderadoConfigurationRepository], tuple[Literal[""auth_session""], () -> PersistedBrowserSession | None], tuple[Literal[""google_oauth_client""], () -> OAuthClient | None], tuple[Literal[""google_oauth_token""], () -> OAuthToken | None], tuple[Literal[""google_oauth_metadata""], () -> OAuthMetadata | None], tuple[Literal[""google_drive_config""], () -> DriveConfig | None], tuple[Literal[""llm_cache_stats""], () -> CacheStats], tuple[Literal[""llm_usage_load""], () -> tuple[UsageRecord, ...]], tuple[Literal[""llm_run_telemetry""], () -> tuple[LLMRunRecord, ...]], tuple[Literal[""llm_consent_ledger""], () -> tuple[EvidenceConsentLedgerEntry, ...]], tuple[Literal[""review_recipient_registry""], () -> RecipientFingerprintRegister], tuple[Literal[""review_recipient_replay_guard""], () -> ConsumedNonceLedger], tuple[Literal[""sede_artefact""], () -> bytes], tuple[Literal[""sede_observation""], () -> FiledDeclaracionObservation], tuple[Literal[""attachment""], () -> bytes], tuple[Literal[""transactions""], () -> TransactionCatalogue], tuple[Literal[""invoices""], () -> InvoiceCatalogue], tuple[Literal[""filing_drafts""], () -> ModeloDraft | None], tuple[Literal[""submission""], () -> tuple[str, ...]], tuple[Literal[""justificante""], () -> tuple[str, ...]], tuple[Literal[""filing_history""], () -> tuple[str, ...]], tuple[Literal[""modelo_work_units""], () -> WorkUnitCatalogue], tuple[Literal[""modelo_calculation_revisions""], () -> CalculationRevisionCatalogue], tuple[Literal[""modelo_filing_records""], () -> ModeloRecordCatalogue], tuple[Literal[""modelo_verification_reports""], () -> VerificationReportCatalogue], tuple[Literal[""calculation_observations""], () -> ObservationEnvelopePayload | None], tuple[Literal[""iva_wallet_decisions""], () -> tuple[IvaCompensationReconciliationDecision, ...]], tuple[Literal[""iva_wallet_decision_history""], () -> tuple[IvaCompensationReconciliationDecision, ...]], tuple[Literal[""iva_compensation_history""], () -> tuple[IvaCompensationPeriodState, ...]], tuple[Literal[""usage_ratios""], () -> UsageRatioProfile], tuple[Literal[""borrador_100_snapshot""], () -> tuple[Borrador100Snapshot, ...]], tuple[Literal[""profile_inventory""], () -> InventoryLedgerDocument]]` is not assignable to `tuple[tuple[str, () -> object], ...]`",1
invalid-method-override,invalid-method-override: Invalid override of method `delete`: Definition is incompatible with `SecureBoundRepository.delete`,1
invalid-method-override,invalid-method-override: Invalid override of method `load`: Definition is incompatible with `SecureBoundRepository.load`,1
invalid-method-override,invalid-method-override: Invalid override of method `save`: Definition is incompatible with `SecureBoundRepository.save`,1
invalid-method-override,invalid-method-override: Invalid override of method `visit_AsyncFunctionDef`: Definition is incompatible with `NodeVisitor.visit_AsyncFunctionDef`,1
invalid-return-type,"invalid-return-type: Return type does not match returned value: expected `AbstractContextManager[None, bool | None]`, found `types.GeneratorType`",1
invalid-return-type,"invalid-return-type: Return type does not match returned value: expected `Decimal`, found `str | int | Decimal | date | None`",1
invalid-return-type,"invalid-return-type: Return type does not match returned value: expected `InputClassification`, found `str`",1
invalid-return-type,"invalid-return-type: Return type does not match returned value: expected `IvaComponentPresence`, found `_IvaRegistryToken`",1
invalid-return-type,"invalid-return-type: Return type does not match returned value: expected `IvaKindApplicability`, found `_IvaRegistryToken`",1
invalid-return-type,"invalid-return-type: Return type does not match returned value: expected `IvaRetencionExpectation`, found `_IvaRegistryToken`",1
invalid-return-type,"invalid-return-type: Return type does not match returned value: expected `IvaRetencionRole`, found `_IvaRegistryToken`",1
invalid-return-type,"invalid-return-type: Return type does not match returned value: expected `MappingProxyType[str, str]`, found `MappingProxyType[str | int | Decimal | date, str | int | Decimal | date]`",1
invalid-return-type,"invalid-return-type: Return type does not match returned value: expected `Mapping[tuple[str, str], FieldInfo]`, found `Mapping[tuple[str, str], object]`",1
invalid-return-type,"invalid-return-type: Return type does not match returned value: expected `ProrrataEspecialTransitionKind`, found `str`",1
invalid-return-type,"invalid-return-type: Return type does not match returned value: expected `ProrrataKind`, found `str`",1
invalid-return-type,"invalid-return-type: Return type does not match returned value: expected `ProrrataProvisionalProvenance`, found `str`",1
invalid-return-type,"invalid-return-type: Return type does not match returned value: expected `ProrrataRegisterRegime`, found `str`",1
invalid-return-type,"invalid-return-type: Return type does not match returned value: expected `SectorDiferenciadoLetra`, found `str`",1
invalid-return-type,"invalid-return-type: Return type does not match returned value: expected `Self@__new__`, found `CalendarCCAA`",1
invalid-return-type,"invalid-return-type: Return type does not match returned value: expected `Self@_require_registry_token`, found `InvoiceLegalMention`",1
invalid-return-type,"invalid-return-type: Return type does not match returned value: expected `Self@_require_registry_token`, found `IvaRate`",1
invalid-return-type,"invalid-return-type: Return type does not match returned value: expected `Self@_require_registry_token`, found `SpendingCategory`",1
invalid-return-type,"invalid-return-type: Return type does not match returned value: expected `_ProfileCorporateFields`, found `dict[str, object]`",1
invalid-return-type,"invalid-return-type: Return type does not match returned value: expected `dict[CasillaId, object]`, found `dict[CasillaId, Decimal]`",1
invalid-return-type,"invalid-return-type: Return type does not match returned value: expected `list[dict[str, object]]`, found `list[dict[str, int | str]]`",1
invalid-return-type,"invalid-return-type: Return type does not match returned value: expected `tuple[str, str, str, str] | None`, found `tuple[str, ...]`",1
isinstance-against-protocol,isinstance-against-protocol: Class `Borrador100SnapshotRepository` cannot be used as the second argument to `isinstance`: This call will raise `TypeError` at runtime,1
missing-argument,missing-argument: No argument provided for required parameter `amendment_action_ports_factory` of function `build_modelo_work_amend_definition`,1
missing-argument,missing-argument: No argument provided for required parameter `authority_operation`,1
missing-argument,missing-argument: No argument provided for required parameter `base_retenciones`,1
missing-argument,missing-argument: No argument provided for required parameter `browser_session_factory` of function `login_operator_auth`,1
missing-argument,missing-argument: No argument provided for required parameter `bucket_event_repository` of function `apply_evidence_classification`,1
missing-argument,missing-argument: No argument provided for required parameter `certificate_secret_backend_factory` of function `build_auth_cleanup_intent`,1
missing-argument,missing-argument: No argument provided for required parameter `certificate_secret_backend_factory` of function `build_auth_readiness`,1
missing-argument,missing-argument: No argument provided for required parameter `certificate_secret_backend_factory` of function `select_provider`,1
missing-argument,missing-argument: No argument provided for required parameter `context` of bound method `RentaFamilyProfile.custodia_compartida_count`,1
missing-argument,missing-argument: No argument provided for required parameter `context` of bound method `RentaFamilyProfile.descendientes_menores_3_year_end`,1
missing-argument,missing-argument: No argument provided for required parameter `evidence_ports` of function `_mint_extract_consent`,1
missing-argument,missing-argument: No argument provided for required parameter `expedientes_ports` of function `local_live_calendar_events`,1
missing-argument,missing-argument: No argument provided for required parameter `export_ports_factory` of function `build_modelo_export_definition`,1
missing-argument,missing-argument: No argument provided for required parameter `iva_compensation_history_repository`,1
missing-argument,missing-argument: No argument provided for required parameter `on_date` of function `iva_rate_percentage`,1
missing-argument,missing-argument: No argument provided for required parameter `operation` of function `_exterior_detail_binding_values`,1
missing-argument,missing-argument: No argument provided for required parameter `operation` of function `_filer_scope`,1
missing-argument,missing-argument: No argument provided for required parameter `operation` of function `_run_scripted_walk`,1
missing-argument,missing-argument: No argument provided for required parameter `operation` of function `_substrate_admission_issue`,1
missing-argument,missing-argument: No argument provided for required parameter `operation` of function `build_descendant_door`,1
missing-argument,missing-argument: No argument provided for required parameter `operation` of function `compute_annual_deducible_totals_by_regime`,1
missing-argument,missing-argument: No argument provided for required parameter `operation` of function `madrid_nacimiento_adopcion_candidate_weighted_count`,1
missing-argument,missing-argument: No argument provided for required parameter `operation` of function `place_of_supply_years`,1
missing-argument,missing-argument: No argument provided for required parameter `operation` of function `resolve_effective_usage_ratios`,1
missing-argument,missing-argument: No argument provided for required parameter `period` of function `build_runtime_schema_provider`,1
missing-argument,missing-argument: No argument provided for required parameter `persistence` of function `load_auth_diagnostic`,1
missing-argument,missing-argument: No argument provided for required parameter `ports` of `RetencionesAggregationSourceResolver.__init__`,1
missing-argument,missing-argument: No argument provided for required parameter `ports` of function `capture_iva_compensation_wallet`,1
missing-argument,missing-argument: No argument provided for required parameter `ports` of function `detach_manual_transaction_attachments`,1
missing-argument,missing-argument: No argument provided for required parameter `ports` of function `ensure_modelo_work_unit_for_active_target`,1
missing-argument,missing-argument: No argument provided for required parameter `ports` of function `rename_work_unit`,1
missing-argument,missing-argument: No argument provided for required parameter `ports` of function `resolve_exportable_modelo_calculation_revision_address`,1
missing-argument,missing-argument: No argument provided for required parameter `ports` of function `reviewed_against_current_state`,1
missing-argument,missing-argument: No argument provided for required parameter `read_ports` of function `_test_operator_auth_from_snapshot`,1
missing-argument,missing-argument: No argument provided for required parameter `recovery_envelope` of bound method `ProfileCapsuleLifecycle.create`,1
missing-argument,missing-argument: No argument provided for required parameter `registry_snapshot_ref` of function `derive_borrador_100_snapshot_id`,1
missing-argument,missing-argument: No argument provided for required parameter `repository` of `Borrador100SnapshotService.__init__`,1
missing-argument,missing-argument: No argument provided for required parameter `repository` of function `resolve_relations_from_local_store`,1
missing-argument,missing-argument: No argument provided for required parameter `revision` of function `_detail_row_binding_values_for_calculation`,1
missing-argument,missing-argument: No argument provided for required parameter `scope` of function `_guarderia_madre_meses_advisory`,1
missing-argument,missing-argument: No argument provided for required parameter `scope` of function `_guarderia_shape_advisory`,1
missing-argument,missing-argument: No argument provided for required parameter `selector_fact_ids` of function `load_tipo_actividad_selectors`,1
missing-argument,missing-argument: No argument provided for required parameter `stamped_revision_id` of bound method `CalculationObservationRepository.prepare_observation_envelope`,1
missing-argument,missing-argument: No argument provided for required parameter `usage_ratio_profile_loader`,1
missing-argument,missing-argument: No argument provided for required parameter `valid_from`,1
missing-argument,missing-argument: No argument provided for required parameter `verifier` of function `verify_capture_authenticity`,1
missing-argument,missing-argument: No argument provided for required parameter `work_lifecycle_ports_factory` of function `build_modelo_work_discard_definition`,1
missing-argument,missing-argument: No argument provided for required parameter `work_lifecycle_ports_factory` of function `build_modelo_work_rename_definition`,1
missing-argument,missing-argument: No argument provided for required parameter `work_lifecycle_ports` of function `import_external_filing_source`,1
missing-argument,"missing-argument: No arguments provided for required parameters `authority_factory`, `verification_repository_bundle_factory` of function `build_modelo_lifecycle_operation_definitions`",1
missing-argument,"missing-argument: No arguments provided for required parameters `certificate_secret_backend_factory`, `draft_review_ports`, `workflow_gate_ports` of function `build_revision_workflow_engine`",1
missing-argument,"missing-argument: No arguments provided for required parameters `certificate_secret_backend_factory`, `operator_probe_ports`, `operator_scope_ports` of function `_run_live_iva_evidence_pull_command`",1
missing-argument,"missing-argument: No arguments provided for required parameters `draft_review_ports`, `workflow_gate_ports`",1
missing-argument,"missing-argument: No arguments provided for required parameters `filing_action_ports_factory`, `certificate_secret_backend_factory` of function `build_modelo_work_file_definition`",1
missing-argument,"missing-argument: No arguments provided for required parameters `floor`, `horizon`",1
missing-argument,"missing-argument: No arguments provided for required parameters `legends`, `operation` of function `_printed_evidence`",1
missing-argument,"missing-argument: No arguments provided for required parameters `legends`, `operation` of function `resolve_confirmed_establishment`",1
missing-argument,"missing-argument: No arguments provided for required parameters `legends`, `operation` of function `scope_printed_evidence_would_establish`",1
missing-argument,"missing-argument: No arguments provided for required parameters `modelo`, `target_casilla_id`, `activity_category_matcher`, `employment_category_matcher`",1
missing-argument,"missing-argument: No arguments provided for required parameters `modelo`, `target_casilla_id`, `agrarian_activity_codes`, `activity_category_matcher`, `employment_category_matcher`",1
missing-argument,"missing-argument: No arguments provided for required parameters `operation`, `legends` of function `confirm_invoice_draft_from_evidence`",1
missing-argument,"missing-argument: No arguments provided for required parameters `ports`, `certificate_secret_backend_factory`, `browser_session_factory` of function `capture_expedientes`",1
missing-argument,"missing-argument: No arguments provided for required parameters `provider`, `value`",1
missing-argument,"missing-argument: No arguments provided for required parameters `reference_ids`, `operation` of function `bundled_citation_lookup`",1
missing-argument,"missing-argument: No arguments provided for required parameters `relation_kind`, `dependency_role`, `temporal`",1
missing-argument,"missing-argument: No arguments provided for required parameters `schema_id`, `schema_version`, `setup_state`",1
missing-argument,"missing-argument: No arguments provided for required parameters `service`, `read_port`, `registration_ports`, `verifier` of function `capture_justificante_snapshot`",1
missing-argument,"missing-argument: No arguments provided for required parameters `source_modelo`, `source_period_code`, `target_modelo`, `target_period_code` of bound method `M303RegimenSimplificadoAnnualSummaryHandoff.assembled`",1
missing-argument,"missing-argument: No arguments provided for required parameters `target_casilla_id`, `accept_activity_marker` of function `_classify_gasto_transaction`",1
missing-argument,"missing-argument: No arguments provided for required parameters `target_casilla_id`, `activity_category_matcher`, `employment_category_matcher` of function `_classify_income_transaction`",1
missing-argument,"missing-argument: No arguments provided for required parameters `target_casilla_id`, `source_jurisdictions`, `eligible_income_categories` of function `_classify_impatriado_income_transaction`",1
missing-argument,"missing-argument: No arguments provided for required parameters `transaction_repository`, `bucket_event_repository` of function `reject_llm_suggestion`",1
missing-argument,"missing-argument: No arguments provided for required parameters `usage_ratio_profile_loader`, `operation` of function `preflight_ledger_tax_readiness`",1
missing-override-decorator,missing-override-decorator: Method `__contains__` overrides `AbstractSet.__contains__` but is not decorated with `@override`,1
missing-override-decorator,missing-override-decorator: Method `_verbatim_text` overrides `CitationLookup._verbatim_text` but is not decorated with `@override`,1
missing-override-decorator,missing-override-decorator: Method `admits_coordinate` overrides `OrderedSupportEnvelope.admits_coordinate` but is not decorated with `@override`,1
missing-override-decorator,missing-override-decorator: Method `append_guarded` overrides `CatalogueInvoiceEventRepositoryPort.append_guarded` but is not decorated with `@override`,1
missing-override-decorator,missing-override-decorator: Method `bucket_id` overrides `ModeloRecordCatalogueRepositoryProtocol.bucket_id` but is not decorated with `@override`,1
missing-override-decorator,missing-override-decorator: Method `build_verb_input_schemas` overrides `CommandSchemaPort.build_verb_input_schemas` but is not decorated with `@override`,1
missing-override-decorator,missing-override-decorator: Method `capture_observation` overrides `FiledDataRegisterPort.capture_observation` but is not decorated with `@override`,1
missing-override-decorator,missing-override-decorator: Method `capture_source_observations` overrides `FiledDataCapturePort.capture_source_observations` but is not decorated with `@override`,1
missing-override-decorator,missing-override-decorator: Method `cli_path_for_command_key` overrides `CommandMetadataPort.cli_path_for_command_key` but is not decorated with `@override`,1
missing-override-decorator,missing-override-decorator: Method `command_execution_policy_for_cli_path` overrides `CommandPolicyPort.command_execution_policy_for_cli_path` but is not decorated with `@override`,1
missing-override-decorator,missing-override-decorator: Method `command_registration_projection` overrides `CommandSchemaPort.command_registration_projection` but is not decorated with `@override`,1
missing-override-decorator,missing-override-decorator: Method `command_schema_refs` overrides `CommandSchemaPort.command_schema_refs` but is not decorated with `@override`,1
missing-override-decorator,missing-override-decorator: Method `command_schema_type` overrides `CommandSchemaPort.command_schema_type` but is not decorated with `@override`,1
missing-override-decorator,missing-override-decorator: Method `command_schema_types` overrides `CommandSchemaPort.command_schema_types` but is not decorated with `@override`,1
missing-override-decorator,missing-override-decorator: Method `command_search_terms` overrides `CommandMetadataPort.command_search_terms` but is not decorated with `@override`,1
missing-override-decorator,missing-override-decorator: Method `csv_from_source_url` overrides `FiledObservationParserPort.csv_from_source_url` but is not decorated with `@override`,1
missing-override-decorator,missing-override-decorator: Method `delete` overrides `ApoderadoConfigurationRepository.delete` but is not decorated with `@override`,1
missing-override-decorator,missing-override-decorator: Method `delete` overrides `SecureBoundRepository.delete` but is not decorated with `@override`,1
missing-override-decorator,missing-override-decorator: Method `discover_availability` overrides `FiledDataCapturePort.discover_availability` but is not decorated with `@override`,1
missing-override-decorator,missing-override-decorator: Method `exists` overrides `M036DeclarationRepositoryPort.exists` but is not decorated with `@override`,1
missing-override-decorator,missing-override-decorator: Method `exists` overrides `M145CommunicationRecordRepositoryPort.exists` but is not decorated with `@override`,1
missing-override-decorator,missing-override-decorator: Method `exists` overrides `ModeloRecordCatalogueRepositoryProtocol.exists` but is not decorated with `@override`,1
missing-override-decorator,missing-override-decorator: Method `exists` overrides `SecureSnapshotRepository.exists` but is not decorated with `@override`,1
missing-override-decorator,missing-override-decorator: Method `fetch` overrides `NotificationSnapshotQueryProtocol.fetch` but is not decorated with `@override`,1
missing-override-decorator,missing-override-decorator: Method `get_eur_rate` overrides `CatalogueInvoiceRateProviderPort.get_eur_rate` but is not decorated with `@override`,1
missing-override-decorator,missing-override-decorator: Method `global_flags` overrides `CommandMetadataPort.global_flags` but is not decorated with `@override`,1
missing-override-decorator,missing-override-decorator: Method `import_source` overrides `FiledBaselineImportPort.import_source` but is not decorated with `@override`,1
missing-override-decorator,missing-override-decorator: Method `ingest` overrides `FinancialProviderProtocol.ingest` but is not decorated with `@override`,1
missing-override-decorator,missing-override-decorator: Method `is_exposable_command` overrides `CommandMetadataPort.is_exposable_command` but is not decorated with `@override`,1
missing-override-decorator,missing-override-decorator: Method `iter_justificantes` overrides `JustificanteRepositoryProtocol.iter_justificantes` but is not decorated with `@override`,1
missing-override-decorator,missing-override-decorator: Method `iter_manifests` overrides `AttachmentStoreProtocol.iter_manifests` but is not decorated with `@override`,1
missing-override-decorator,missing-override-decorator: Method `iter_records` overrides `EvidenceBundleRepositoryPort.iter_records` but is not decorated with `@override`,1
missing-override-decorator,missing-override-decorator: Method `iter_submissions` overrides `WorkflowGateSubmissionRepositoryProtocol.iter_submissions` but is not decorated with `@override`,1
missing-override-decorator,missing-override-decorator: Method `list_periods` overrides `IvaCompensationHistoryRepositoryProtocol.list_periods` but is not decorated with `@override`,1
missing-override-decorator,missing-override-decorator: Method `list_rules` overrides `LedgerClassificationRuleRepositoryProtocol.list_rules` but is not decorated with `@override`,1
missing-override-decorator,missing-override-decorator: Method `list_snapshots` overrides `M036DeclarationRepositoryPort.list_snapshots` but is not decorated with `@override`,1
missing-override-decorator,missing-override-decorator: Method `list_snapshots` overrides `SecureSnapshotRepository.list_snapshots` but is not decorated with `@override`,1
missing-override-decorator,missing-override-decorator: Method `list_submission_ids` overrides `WorkflowGateSubmissionRepositoryProtocol.list_submission_ids` but is not decorated with `@override`,1
missing-override-decorator,missing-override-decorator: Method `load_artefact` overrides `FiledObservationPersistencePort.load_artefact` but is not decorated with `@override`,1
missing-override-decorator,missing-override-decorator: Method `load_manifest` overrides `AttachmentStoreProtocol.load_manifest` but is not decorated with `@override`,1
missing-override-decorator,missing-override-decorator: Method `load_observation` overrides `FiledCalculationObservationRepositoryPort.load_observation` but is not decorated with `@override`,1
missing-override-decorator,missing-override-decorator: Method `load_path_values` overrides `ProfilePathValuesReadPort.load_path_values` but is not decorated with `@override`,1
missing-override-decorator,missing-override-decorator: Method `load_period` overrides `FiledIvaHistoryRepositoryPort.load_period` but is not decorated with `@override`,1
missing-override-decorator,missing-override-decorator: Method `load_period` overrides `IvaCompensationHistoryRepositoryProtocol.load_period` but is not decorated with `@override`,1
missing-override-decorator,missing-override-decorator: Method `load_revisioned` overrides `ModeloRecordCatalogueRepositoryProtocol.load_revisioned` but is not decorated with `@override`,1
missing-override-decorator,missing-override-decorator: Method `load` overrides `ApoderadoConfigurationRepository.load` but is not decorated with `@override`,1
missing-override-decorator,missing-override-decorator: Method `load` overrides `CatalogueInvoiceRepositoryPort.load` but is not decorated with `@override`,1
missing-override-decorator,missing-override-decorator: Method `load` overrides `EvidenceBundleRepositoryPort.load` but is not decorated with `@override`,1
missing-override-decorator,missing-override-decorator: Method `load` overrides `InvoiceCatalogueReader.load` but is not decorated with `@override`,1
missing-override-decorator,missing-override-decorator: Method `load` overrides `InvoiceSourceCatalogueReader.load` but is not decorated with `@override`,1
missing-override-decorator,missing-override-decorator: Method `load` overrides `JustificanteRepositoryProtocol.load` but is not decorated with `@override`,1
missing-override-decorator,missing-override-decorator: Method `load` overrides `M036DeclarationRepositoryPort.load` but is not decorated with `@override`,1
missing-override-decorator,missing-override-decorator: Method `load` overrides `M145CommunicationRecordRepositoryPort.load` but is not decorated with `@override`,1
missing-override-decorator,missing-override-decorator: Method `load` overrides `ModeloRecordCatalogueRepositoryProtocol.load` but is not decorated with `@override`,1
missing-override-decorator,missing-override-decorator: Method `load` overrides `RecipientFingerprintRegistryRepositoryPort.load` but is not decorated with `@override`,1
missing-override-decorator,missing-override-decorator: Method `load` overrides `SecureSnapshotRepository.load` but is not decorated with `@override`,1
missing-override-decorator,missing-override-decorator: Method `load` overrides `TaxationComparisonWorkUnitReader.load` but is not decorated with `@override`,1
missing-override-decorator,missing-override-decorator: Method `load` overrides `TransactionCatalogueReader.load` but is not decorated with `@override`,1
missing-override-decorator,missing-override-decorator: Method `load` overrides `WorkflowGateSubmissionRepositoryProtocol.load` but is not decorated with `@override`,1
missing-override-decorator,missing-override-decorator: Method `model_json_schema` overrides `BaseModel.model_json_schema` but is not decorated with `@override`,1
missing-override-decorator,missing-override-decorator: Method `mutate` overrides `CatalogueInvoiceRepositoryPort.mutate` but is not decorated with `@override`,1
missing-override-decorator,missing-override-decorator: Method `mutate` overrides `ModeloRecordCatalogueRepositoryProtocol.mutate` but is not decorated with `@override`,1
missing-override-decorator,missing-override-decorator: Method `non_numeric_casillas` overrides `FiledDeclarationTransformationPort.non_numeric_casillas` but is not decorated with `@override`,1
missing-override-decorator,missing-override-decorator: Method `open_register` overrides `ExpedientesDeclarationReaderProtocol.open_register` but is not decorated with `@override`,1
missing-override-decorator,missing-override-decorator: Method `open_register` overrides `FiledDataCapturePort.open_register` but is not decorated with `@override`,1
missing-override-decorator,missing-override-decorator: Method `parse_justificante` overrides `FiledObservationParserPort.parse_justificante` but is not decorated with `@override`,1
missing-override-decorator,missing-override-decorator: Method `partition_by_date_range` overrides `TransactionCatalogueReader.partition_by_date_range` but is not decorated with `@override`,1
missing-override-decorator,missing-override-decorator: Method `path_for` overrides `TransactionCatalogueLocationProtocol.path_for` but is not decorated with `@override`,1
missing-override-decorator,missing-override-decorator: Method `persist_artefact` overrides `FiledObservationPersistencePort.persist_artefact` but is not decorated with `@override`,1
missing-override-decorator,missing-override-decorator: Method `persist_observation` overrides `FiledObservationPersistencePort.persist_observation` but is not decorated with `@override`,1
missing-override-decorator,missing-override-decorator: Method `persist` overrides `FiledIvaObservationPersistencePort.persist` but is not decorated with `@override`,1
missing-override-decorator,missing-override-decorator: Method `prepare_observation_envelope` overrides `FiledCalculationObservationRepositoryPort.prepare_observation_envelope` but is not decorated with `@override`,1
missing-override-decorator,missing-override-decorator: Method `projection_coordinate` overrides `OrderedSupportEnvelope.projection_coordinate` but is not decorated with `@override`,1
missing-override-decorator,missing-override-decorator: Method `put_bytes` overrides `AttachmentStoreProtocol.put_bytes` but is not decorated with `@override`,1
missing-override-decorator,missing-override-decorator: Method `put_file` overrides `AttachmentStoreProtocol.put_file` but is not decorated with `@override`,1
missing-override-decorator,missing-override-decorator: Method `rate_source_id` overrides `CatalogueInvoiceRateProviderPort.rate_source_id` but is not decorated with `@override`,1
missing-override-decorator,missing-override-decorator: Method `read_bytes` overrides `AttachmentStoreProtocol.read_bytes` but is not decorated with `@override`,1
missing-override-decorator,missing-override-decorator: Method `registry_observation` overrides `FiledDeclarationTransformationPort.registry_observation` but is not decorated with `@override`,1
missing-override-decorator,missing-override-decorator: Method `resolve_action_reference` overrides `PreconditionActionResolutionPort.resolve_action_reference` but is not decorated with `@override`,1
missing-override-decorator,missing-override-decorator: Method `resolve` overrides `M036DeclarationRepositoryPort.resolve` but is not decorated with `@override`,1
missing-override-decorator,missing-override-decorator: Method `resolve` overrides `M145CommunicationRecordRepositoryPort.resolve` but is not decorated with `@override`,1
missing-override-decorator,missing-override-decorator: Method `save_period` overrides `IvaCompensationHistoryRepositoryProtocol.save_period` but is not decorated with `@override`,1
missing-override-decorator,missing-override-decorator: Method `save_with_secure_object_writes` overrides `M036DeclarationRepositoryPort.save_with_secure_object_writes` but is not decorated with `@override`,1
missing-override-decorator,missing-override-decorator: Method `save_with_secure_object_writes` overrides `M145CommunicationRecordRepositoryPort.save_with_secure_object_writes` but is not decorated with `@override`,1
missing-override-decorator,missing-override-decorator: Method `save_with_secure_object_writes` overrides `ModeloRecordCatalogueRepositoryProtocol.save_with_secure_object_writes` but is not decorated with `@override`,1
missing-override-decorator,missing-override-decorator: Method `save` overrides `ApoderadoConfigurationRepository.save` but is not decorated with `@override`,1
missing-override-decorator,missing-override-decorator: Method `save` overrides `EvidenceBundleRepositoryPort.save` but is not decorated with `@override`,1
missing-override-decorator,missing-override-decorator: Method `save` overrides `FiledCalculationObservationRepositoryPort.save` but is not decorated with `@override`,1
missing-override-decorator,missing-override-decorator: Method `save` overrides `JustificanteRepositoryProtocol.save` but is not decorated with `@override`,1
missing-override-decorator,missing-override-decorator: Method `save` overrides `LedgerClassificationRuleRepositoryProtocol.save` but is not decorated with `@override`,1
missing-override-decorator,missing-override-decorator: Method `save` overrides `M036DeclarationRepositoryPort.save` but is not decorated with `@override`,1
missing-override-decorator,missing-override-decorator: Method `save` overrides `ModeloRecordCatalogueRepositoryProtocol.save` but is not decorated with `@override`,1
missing-override-decorator,missing-override-decorator: Method `save` overrides `RecipientFingerprintRegistryRepositoryPort.save` but is not decorated with `@override`,1
missing-override-decorator,missing-override-decorator: Method `save` overrides `SecureSnapshotRepository.save` but is not decorated with `@override`,1
missing-override-decorator,missing-override-decorator: Method `save` overrides `WorkflowGateDraftRepositoryProtocol.save` but is not decorated with `@override`,1
missing-override-decorator,missing-override-decorator: Method `secure_object_repository` overrides `SecureBoundRepository.secure_object_repository` but is not decorated with `@override`,1
missing-override-decorator,missing-override-decorator: Method `to_secure_object_write` overrides `ModeloRecordCatalogueRepositoryProtocol.to_secure_object_write` but is not decorated with `@override`,1
missing-override-decorator,missing-override-decorator: Method `to_secure_object_write` overrides `SecureBoundRepository.to_secure_object_write` but is not decorated with `@override`,1
missing-override-decorator,missing-override-decorator: Method `validate_source` overrides `FinancialProviderProtocol.validate_source` but is not decorated with `@override`,1
missing-override-decorator,missing-override-decorator: Method `verify_blob` overrides `AttachmentStoreProtocol.verify_blob` but is not decorated with `@override`,1
missing-override-decorator,missing-override-decorator: Method `visit_AugAssign` overrides `NodeVisitor.visit_AugAssign` but is not decorated with `@override`,1
missing-override-decorator,missing-override-decorator: Method `visit_Constant` overrides `NodeVisitor.visit_Constant` but is not decorated with `@override`,1
missing-override-decorator,missing-override-decorator: Method `visit_If` overrides `NodeVisitor.visit_If` but is not decorated with `@override`,1
missing-override-decorator,missing-override-decorator: Method `visit_Name` overrides `NodeVisitor.visit_Name` but is not decorated with `@override`,1
missing-override-decorator,missing-override-decorator: Method `visit_arg` overrides `NodeVisitor.visit_arg` but is not decorated with `@override`,1
missing-override-decorator,missing-override-decorator: Method `visit_comprehension` overrides `NodeVisitor.visit_comprehension` but is not decorated with `@override`,1
missing-override-decorator,missing-override-decorator: Method `walk_timeout_ms` overrides `FiledDataRegisterPort.walk_timeout_ms` but is not decorated with `@override`,1
missing-override-decorator,missing-override-decorator: Method `walk` overrides `ExpedientesRegisterProtocol.walk` but is not decorated with `@override`,1
missing-override-decorator,missing-override-decorator: Method `walk` overrides `FiledDataRegisterPort.walk` but is not decorated with `@override`,1
missing-override-decorator,missing-override-decorator: Method `write_manifest` overrides `AttachmentStoreProtocol.write_manifest` but is not decorated with `@override`,1
missing-type-argument,missing-type-argument: Missing type argument for generic class `ParamType` (expected 1 type argument),1
no-matching-overload,no-matching-overload: No overload of function `contextmanager` matches arguments,1
no-matching-overload,no-matching-overload: No overload of function `sorted` matches arguments,1
no-matching-overload,no-matching-overload: No overload of function `sum` matches arguments,1
not-iterable,not-iterable: Object of type `<class 'EntityType'>` is not iterable,1
not-iterable,not-iterable: Object of type `<class 'FiscalResidency'>` is not iterable,1
not-iterable,not-iterable: Object of type `<class 'IrpfActivityKind'>` is not iterable,1
not-iterable,not-iterable: Object of type `<class 'IrpfIncomeCategory'>` is not iterable,1
not-iterable,not-iterable: Object of type `<class 'IvaCashAccountingTreatment'>` is not iterable,1
not-iterable,not-iterable: Object of type `<class 'IvaExemptionArticle'>` is not iterable,1
not-iterable,not-iterable: Object of type `<class 'IvaRate'>` is not iterable,1
not-iterable,not-iterable: Object of type `<class 'IvaRateKind'>` is not iterable,1
not-iterable,not-iterable: Object of type `<class 'IvaSettlementSide'>` is not iterable,1
not-iterable,not-iterable: Object of type `<class 'OssIossRegime'>` is not iterable,1
not-iterable,not-iterable: Object of type `<class 'SituacionFamiliar'>` is not iterable,1
possibly-unresolved-reference,possibly-unresolved-reference: Name `reference` used when possibly not defined,1
possibly-unresolved-reference,possibly-unresolved-reference: Name `retirement_scope` used when possibly not defined,1
possibly-unresolved-reference,possibly-unresolved-reference: Name `typed_missing_fields` used when possibly not defined,1
too-many-positional-arguments,"too-many-positional-arguments: Too many positional arguments to function `iva_catalogue_years`: expected 0, got 1",1
too-many-positional-arguments,"too-many-positional-arguments: Too many positional arguments to function `place_of_supply_years`: expected 0, got 1",1
unknown-argument,unknown-argument: Argument `attachment_store` does not match any known parameter of function `detach_manual_transaction_attachments`,1
unknown-argument,unknown-argument: Argument `authority` does not match any known parameter of function `require_transaction_kind`,1
unknown-argument,unknown-argument: Argument `authority` does not match any known parameter of function `resolve_transaction_kind_catalogue`,1
unknown-argument,unknown-argument: Argument `bucket_event_repository` does not match any known parameter of function `detach_manual_transaction_attachments`,1
unknown-argument,unknown-argument: Argument `calculation_observation_repository` does not match any known parameter of function `file_modelo_revision`,1
unknown-argument,unknown-argument: Argument `calculation_repository` does not match any known parameter of function `archive_manual_transaction`,1
unknown-argument,unknown-argument: Argument `calculation_repository` does not match any known parameter of function `restore_manual_transaction`,1
unknown-argument,unknown-argument: Argument `calculation_repository` does not match any known parameter of function `update_manual_transaction`,1
unknown-argument,unknown-argument: Argument `certificate_secret_backend_factory` does not match any known parameter of function `project_active_certificate_credentials`,1
unknown-argument,unknown-argument: Argument `filing_repository` does not match any known parameter of function `calculate_modelo_revision_from_bucket_aggregation_with_diagnostics`,1
unknown-argument,unknown-argument: Argument `invoice_catalogue` does not match any known parameter of function `approve_draft`,1
unknown-argument,unknown-argument: Argument `invoice_repository` does not match any known parameter of function `update_manual_transaction`,1
unknown-argument,unknown-argument: Argument `justificante_repository` does not match any known parameter of function `amend_modelo_revision`,1
unknown-argument,unknown-argument: Argument `operation` does not match any known parameter of function `default_iva_cash_accounting_treatment`,1
unknown-argument,unknown-argument: Argument `operation` does not match any known parameter of function `general_prorrata_register_regime`,1
unknown-argument,unknown-argument: Argument `operation` does not match any known parameter of function `input_classification_tokens`,1
unknown-argument,unknown-argument: Argument `operation` does not match any known parameter of function `iva_deduction_fact_kinds`,1
unknown-argument,unknown-argument: Argument `operation` does not match any known parameter of function `registry_category_projection`,1
unknown-argument,unknown-argument: Argument `operation` does not match any known parameter of function `require_iva_cash_accounting_treatment`,1
unknown-argument,unknown-argument: Argument `operation` does not match any known parameter of function `require_iva_exemption_article`,1
unknown-argument,unknown-argument: Argument `operation` does not match any known parameter of function `require_iva_rate_kind`,1
unknown-argument,unknown-argument: Argument `operation` does not match any known parameter of function `unsupported_ledger_iva_observations`,1
unknown-argument,unknown-argument: Argument `operation` does not match any known parameter of function `validate_iva_deduction_fact`,1
unknown-argument,unknown-argument: Argument `repository` does not match any known parameter of function `rename_work_unit`,1
unknown-argument,unknown-argument: Argument `settings` does not match any known parameter of `ExpedientesService.__init__`,1
unknown-argument,unknown-argument: Argument `settings` does not match any known parameter of `NotificationsService.__init__`,1
unknown-argument,unknown-argument: Argument `source_root` does not match any known parameter of function `clasificar_casillas_oficiales`,1
unknown-argument,unknown-argument: Argument `transaction_catalogue` does not match any known parameter of function `approve_draft`,1
unknown-argument,unknown-argument: Argument `transaction_repository` does not match any known parameter of function `_missing_carry_diagnostics`,1
unknown-argument,unknown-argument: Argument `transaction_repository` does not match any known parameter of function `detach_manual_transaction_attachments`,1
unknown-argument,unknown-argument: Argument `transaction_repository` does not match any known parameter of function `verify_modelo_revision_with_preconditions`,1
unknown-argument,unknown-argument: Argument `usage_ratio_profile` does not match any known parameter of function `update_manual_transaction`,1
unknown-argument,unknown-argument: Argument `work_unit_repository` does not match any known parameter of function `archive_manual_transaction`,1
unknown-argument,unknown-argument: Argument `work_unit_repository` does not match any known parameter of function `get_calculation_revision`,1
unknown-argument,unknown-argument: Argument `work_unit_repository` does not match any known parameter of function `restore_manual_transaction`,1
unknown-argument,unknown-argument: Argument `work_unit_repository` does not match any known parameter of function `update_manual_transaction`,1
unresolved-attribute,unresolved-attribute: Attribute `click_type` is not defined on `None` in union `OptionInfo | None`,1
unresolved-attribute,"unresolved-attribute: Attribute `declared_source_casilla_ids` is not defined on `ManualInputProvider`, `DesignConstantProvider`, `ProfileProvider`, `PreviousFilingProvider`, `IvaCompensationAnnualPartitionProvider`, `M303RegimenSimplificadoAnnualSummaryProvider`, `ProrrataRegularizacionProvider`, `BienesInversionRegularizacionProvider`, `LedgerIvaProvider`, `LedgerOssProvider`, `LedgerRentaIncomeProvider`, `LedgerRentaGastosEstimacionDirectaProvider`, `LedgerRentaGastosPagoFraccionadoProvider`, `LedgerImpatriadoIncomeProvider`, `LedgerIrnrIncomeProvider`, `RetencionesAggregationProvider`, `WithholdingProvider`, `Withholding296Provider`, `LedgerTransactionProvider`, `PurchaseInvoiceEvidenceProvider`, `PayableInvoiceProvider`, `CollectibleInvoiceProvider`, `M347ThirdPartyOperationProvider`, `ForeignAssetProvider`, `RelatedPartyOperationProvider`, `AtribucionMemberProvider`, `RefundOperationProvider`, `DonativoDonorProvider`, `Gasto193ContributorProvider`, `InventoryProvider` in union `ManualInputProvider | DesignConstantProvider | ProfileProvider | ... omitted 28 union elements`",1
unresolved-attribute,"unresolved-attribute: Attribute `declared_source_casilla_ids` is not defined on `ManualInputProvider`, `DesignConstantProvider`, `ProfileProvider`, `PreviousFilingProvider`, `LedgerIvaProvider`, `LedgerOssProvider`, `LedgerRentaIncomeProvider`, `LedgerRentaGastosEstimacionDirectaProvider`, `LedgerRentaGastosPagoFraccionadoProvider`, `LedgerImpatriadoIncomeProvider`, `LedgerIrnrIncomeProvider`, `RetencionesAggregationProvider`, `WithholdingProvider`, `Withholding296Provider`, `LedgerTransactionProvider`, `PurchaseInvoiceEvidenceProvider`, `PayableInvoiceProvider`, `CollectibleInvoiceProvider`, `M347ThirdPartyOperationProvider`, `ForeignAssetProvider`, `RelatedPartyOperationProvider`, `AtribucionMemberProvider`, `RefundOperationProvider`, `DonativoDonorProvider`, `Gasto193ContributorProvider`, `InventoryProvider` in union `ManualInputProvider | DesignConstantProvider | ProfileProvider | ... omitted 24 union elements`",1
unresolved-attribute,"unresolved-attribute: Attribute `dependency_role` is not defined on `ManualInputProvider`, `DesignConstantProvider`, `ProfileProvider`, `PreviousFilingProvider`, `LedgerIvaProvider`, `LedgerOssProvider`, `LedgerRentaIncomeProvider`, `LedgerRentaGastosEstimacionDirectaProvider`, `LedgerRentaGastosPagoFraccionadoProvider`, `LedgerImpatriadoIncomeProvider`, `LedgerIrnrIncomeProvider`, `RetencionesAggregationProvider`, `WithholdingProvider`, `Withholding296Provider`, `LedgerTransactionProvider`, `PurchaseInvoiceEvidenceProvider`, `PayableInvoiceProvider`, `CollectibleInvoiceProvider`, `M347ThirdPartyOperationProvider`, `ForeignAssetProvider`, `RelatedPartyOperationProvider`, `AtribucionMemberProvider`, `RefundOperationProvider`, `DonativoDonorProvider`, `Gasto193ContributorProvider`, `InventoryProvider` in union `ManualInputProvider | DesignConstantProvider | ProfileProvider | ... omitted 24 union elements`",1
unresolved-attribute,"unresolved-attribute: Attribute `event_code` is not defined on `ScalarFactPayload`, `BracketFactPayload`, `MappingFactPayload`, `EntitySetFactPayload`, `OverrideFactPayload`, `MultiOutputFactPayload` in union `ScalarFactPayload | BracketFactPayload | MappingFactPayload | ... omitted 4 union elements`",1
unresolved-attribute,unresolved-attribute: Attribute `floor` is not defined on `None` in union `DateSupportEnvelope | None`,1
unresolved-attribute,"unresolved-attribute: Attribute `get` is not defined on `None` in union `dict[str, object] | None`",1
unresolved-attribute,unresolved-attribute: Attribute `group` is not defined on `None` in union `Match[str] | None`,1
unresolved-attribute,unresolved-attribute: Attribute `isoformat` is not defined on `None` in union `date | None`,1
unresolved-attribute,unresolved-attribute: Attribute `legal_evidence` is not defined on `None` in union `PinnedAuthorityOperation | None`,1
unresolved-attribute,unresolved-attribute: Attribute `legal_refs` is not defined on `None` in union `CasillaConstraints | None`,1
unresolved-attribute,unresolved-attribute: Attribute `metavar` is not defined on `None` in union `OptionInfo | None`,1
unresolved-attribute,"unresolved-attribute: Attribute `offsets` is not defined on `SameTargetContext`, `SameFilingYearPeriods`, `FilingYearOffset`, `TargetPeriodOffset`, `PriorQuarterExpandingSpan`, `FiledCurrentPeriod` in union `SameTargetContext | SameFilingYearPeriods | FilingYearOffset | ... omitted 4 union elements`",1
unresolved-attribute,"unresolved-attribute: Attribute `override_code` is not defined on `ScalarFactPayload`, `BracketFactPayload`, `MappingFactPayload`, `EntitySetFactPayload`, `EventFactPayload`, `MultiOutputFactPayload` in union `ScalarFactPayload | BracketFactPayload | MappingFactPayload | ... omitted 4 union elements`",1
unresolved-attribute,"unresolved-attribute: Attribute `relation_kind` is not defined on `ManualInputProvider`, `DesignConstantProvider`, `ProfileProvider`, `PreviousFilingProvider`, `LedgerIvaProvider`, `LedgerOssProvider`, `LedgerRentaIncomeProvider`, `LedgerRentaGastosEstimacionDirectaProvider`, `LedgerRentaGastosPagoFraccionadoProvider`, `LedgerImpatriadoIncomeProvider`, `LedgerIrnrIncomeProvider`, `RetencionesAggregationProvider`, `WithholdingProvider`, `Withholding296Provider`, `LedgerTransactionProvider`, `PurchaseInvoiceEvidenceProvider`, `PayableInvoiceProvider`, `CollectibleInvoiceProvider`, `M347ThirdPartyOperationProvider`, `ForeignAssetProvider`, `RelatedPartyOperationProvider`, `AtribucionMemberProvider`, `RefundOperationProvider`, `DonativoDonorProvider`, `Gasto193ContributorProvider`, `InventoryProvider` in union `ManualInputProvider | DesignConstantProvider | ProfileProvider | ... omitted 24 union elements`",1
unresolved-attribute,unresolved-attribute: Attribute `rsplit` is not defined on `None` in union `str | None`,1
unresolved-attribute,unresolved-attribute: Attribute `show_choices` is not defined on `None` in union `OptionInfo | None`,1
unresolved-attribute,"unresolved-attribute: Attribute `source_modelo` is not defined on `ManualInputProvider`, `DesignConstantProvider`, `ProfileProvider`, `LedgerIvaProvider`, `LedgerOssProvider`, `LedgerRentaIncomeProvider`, `LedgerRentaGastosEstimacionDirectaProvider`, `LedgerRentaGastosPagoFraccionadoProvider`, `LedgerImpatriadoIncomeProvider`, `LedgerIrnrIncomeProvider`, `RetencionesAggregationProvider`, `WithholdingProvider`, `Withholding296Provider`, `LedgerTransactionProvider`, `PurchaseInvoiceEvidenceProvider`, `PayableInvoiceProvider`, `CollectibleInvoiceProvider`, `M347ThirdPartyOperationProvider`, `ForeignAssetProvider`, `RelatedPartyOperationProvider`, `AtribucionMemberProvider`, `RefundOperationProvider`, `DonativoDonorProvider`, `Gasto193ContributorProvider`, `InventoryProvider` in union `ManualInputProvider | DesignConstantProvider | ProfileProvider | ... omitted 28 union elements`",1
unresolved-attribute,unresolved-attribute: Attribute `source_refs` is not defined on `None` in union `CasillaConstraints | None`,1
unresolved-attribute,unresolved-attribute: Attribute `strip` is not defined on `None` in union `str | None`,1
unresolved-attribute,unresolved-attribute: Attribute `value` is not defined on `CategoryT@resolve_first_slice_expense_routing` in union `Enum | CategoryT@resolve_first_slice_expense_routing`,1
unresolved-attribute,unresolved-attribute: Attribute `years` is not defined on `None` in union `SupportedFilingYearsCatalogue | None`,1
unresolved-attribute,unresolved-attribute: Class `Art104TresExclusion` has no attribute `FOREIGN_PERMANENT_ESTABLISHMENT`,1
unresolved-attribute,unresolved-attribute: Class `Art104TresExclusion` has no attribute `NON_SUBJECT_ART_7`,1
unresolved-attribute,unresolved-attribute: Class `CustomerTaxStatus` has no attribute `B2B_NOT_REGISTERED`,1
unresolved-attribute,unresolved-attribute: Class `CustomerTaxStatus` has no attribute `PUBLIC_ADMINISTRATION`,1
unresolved-attribute,unresolved-attribute: Class `EUMemberState` has no attribute `AT`,1
unresolved-attribute,unresolved-attribute: Class `EUMemberState` has no attribute `BE`,1
unresolved-attribute,unresolved-attribute: Class `EUMemberState` has no attribute `BG`,1
unresolved-attribute,unresolved-attribute: Class `EUMemberState` has no attribute `CY`,1
unresolved-attribute,unresolved-attribute: Class `EUMemberState` has no attribute `CZ`,1
unresolved-attribute,unresolved-attribute: Class `EUMemberState` has no attribute `HR`,1
unresolved-attribute,unresolved-attribute: Class `EUMemberState` has no attribute `HU`,1
unresolved-attribute,unresolved-attribute: Class `EUMemberState` has no attribute `LU`,1
unresolved-attribute,unresolved-attribute: Class `EUMemberState` has no attribute `LV`,1
unresolved-attribute,unresolved-attribute: Class `EUMemberState` has no attribute `MT`,1
unresolved-attribute,unresolved-attribute: Class `EUMemberState` has no attribute `PL`,1
unresolved-attribute,unresolved-attribute: Class `EUMemberState` has no attribute `PT`,1
unresolved-attribute,unresolved-attribute: Class `EUMemberState` has no attribute `SE`,1
unresolved-attribute,unresolved-attribute: Class `EUMemberState` has no attribute `SI`,1
unresolved-attribute,unresolved-attribute: Class `EUMemberState` has no attribute `SK`,1
unresolved-attribute,unresolved-attribute: Class `IrpfActivityKind` has no attribute `PROFESIONAL`,1
unresolved-attribute,unresolved-attribute: Class `IvaArt69DosService` has no attribute `ART_69_DOS_C`,1
unresolved-attribute,unresolved-attribute: Class `IvaArt69DosService` has no attribute `ART_69_DOS_D`,1
unresolved-attribute,unresolved-attribute: Class `IvaCuotaSettlement` has no attribute `REGIMEN_ESPECIAL`,1
unresolved-attribute,unresolved-attribute: Class `IvaCuotaSettlement` has no attribute `REPERCUTIDA`,1
unresolved-attribute,unresolved-attribute: Class `IvaCuotaSettlement` has no attribute `UNKNOWN`,1
unresolved-attribute,unresolved-attribute: Class `IvaDeductionEvidenceAuthority` has no attribute `BIENES_INVERSION_REGISTER`,1
unresolved-attribute,unresolved-attribute: Class `IvaDeductionEvidenceAuthority` has no attribute `REAGP_RECEIPT`,1
unresolved-attribute,unresolved-attribute: Class `IvaDeductionFactKind` has no attribute `REAGP_COMPENSATION`,1
unresolved-attribute,unresolved-attribute: Class `IvaExemptionArticle` has no attribute `ART_20_OTHER`,1
unresolved-attribute,unresolved-attribute: Class `IvaExemptionArticle` has no attribute `ART_20_UNO_14`,1
unresolved-attribute,unresolved-attribute: Class `IvaRetencionExpectation` has no attribute `POSSIBLE`,1
unresolved-attribute,unresolved-attribute: Class `LegalEntityForm` has no attribute `SIN_FINES_LUCRATIVOS`,1
unresolved-attribute,unresolved-attribute: Class `ProportionalityKind` has no attribute `NON_DEDUCTIBLE`,1
unresolved-attribute,unresolved-attribute: Class `ProportionalityKind` has no attribute `REQUIRES_EXCLUSIVE_USE`,1
unresolved-attribute,unresolved-attribute: Class `ProrrataRegime` has no attribute `ESPECIAL`,1
unresolved-attribute,unresolved-attribute: Class `RetencionClave` has no attribute `E`,1
unresolved-attribute,unresolved-attribute: Class `SituacionFamiliarM145` has no attribute `FAMILIA_1`,1
unresolved-attribute,unresolved-attribute: Class `SituacionFamiliarM145` has no attribute `FAMILIA_2`,1
unresolved-attribute,unresolved-attribute: Class `SituacionFamiliarM145` has no attribute `FAMILIA_3`,1
unresolved-attribute,unresolved-attribute: Class `SpendingCategory` has no attribute `MANUTENCION_DIETAS_EXTRANJERO`,1
unresolved-attribute,unresolved-attribute: Class `SpendingCategory` has no attribute `REPARACIONES_CONSERVACION`,1
unresolved-attribute,unresolved-attribute: Class `SpendingCategory` has no attribute `TRIBUTOS_FISCALMENTE_DEDUCIBLES`,1
unresolved-attribute,unresolved-attribute: Class `ThirdPartyDeclarationRole` has no attribute `PUBLIC_ADMINISTRATION_ENTITY`,1
unresolved-attribute,unresolved-attribute: Class `ThirdPartyDeclarationRole` has no attribute `STATUTORY_INFORMATION_DUTY_ENTITY`,1
unresolved-attribute,unresolved-attribute: Class `TransactionKind` has no attribute `IOSS_DISTANCE_SALE_LOW_VALUE`,1
unresolved-attribute,unresolved-attribute: Class `TransactionKind` has no attribute `OSS_UNION_GOODS_INTERFACE_FACILITATED`,1
unresolved-attribute,unresolved-attribute: Class `TravelAgencyMediationType` has no attribute `AIR_PASSENGER_TRANSPORT`,1
unresolved-attribute,unresolved-attribute: Function `holiday_calendar_from_authority` has no attribute `__wrapped__`,1
unresolved-attribute,unresolved-attribute: Module `cadrumo.core.resources` has no member `bundled_path`,1
unresolved-attribute,"unresolved-attribute: Object of type `(BindingDefinition, /) -> list[str]` has no attribute `__name__`",1
unresolved-attribute,unresolved-attribute: Object of type `BaseModel` has no attribute `temporal`,1
unresolved-attribute,unresolved-attribute: Object of type `CalculationObservationStorageProtocol` has no attribute `save`,1
unresolved-attribute,unresolved-attribute: Object of type `ConfigRepairResult` has no attribute `registry`,1
unresolved-attribute,unresolved-attribute: Object of type `EUMemberState` has no attribute `name`,1
unresolved-attribute,unresolved-attribute: Object of type `InventoryAnexoDResult` has no attribute `casilla_0181`,1
unresolved-attribute,unresolved-attribute: Object of type `ModeloRevision` has no attribute `relations`,1
unresolved-attribute,unresolved-attribute: Object of type `ProrrataRegularizacionFeedProjection` has no attribute `modelo_390_regularizacion_anual_value`,1
unresolved-attribute,unresolved-attribute: Object of type `RegistryCatalogues` has no attribute `parameters`,1
unresolved-attribute,unresolved-attribute: Object of type `RegistryRevisionInspection` has no attribute `relations`,1
unresolved-attribute,unresolved-attribute: Object of type `RegistrySchemaAccessor` has no attribute `source_root`,1
unresolved-attribute,unresolved-attribute: Object of type `RelationPrefillProvider` has no attribute `legal_refs`,1
unresolved-attribute,unresolved-attribute: Object of type `RelationPrefillProvider` has no attribute `source_refs`,1
unresolved-attribute,unresolved-attribute: Object of type `ValidatedRegistryAuthority` has no attribute `_registry_validated`,1
unresolved-attribute,unresolved-attribute: Object of type `ValidatedRegistryAuthority` has no attribute `_validated_modelos`,1
unresolved-attribute,unresolved-attribute: Object of type `object` has no attribute `age_years`,1
unresolved-attribute,unresolved-attribute: Object of type `object` has no attribute `authority_sources`,1
unresolved-attribute,unresolved-attribute: Object of type `object` has no attribute `available_end_amount`,1
unresolved-attribute,unresolved-attribute: Object of type `object` has no attribute `blocked`,1
unresolved-attribute,unresolved-attribute: Object of type `object` has no attribute `decided_at`,1
unresolved-attribute,unresolved-attribute: Object of type `object` has no attribute `divergence`,1
unresolved-attribute,unresolved-attribute: Object of type `object` has no attribute `dry_run`,1
unresolved-attribute,unresolved-attribute: Object of type `object` has no attribute `ejercicio`,1
unresolved-attribute,unresolved-attribute: Object of type `object` has no attribute `expiry_review_state`,1
unresolved-attribute,unresolved-attribute: Object of type `object` has no attribute `filing_year`,1
unresolved-attribute,unresolved-attribute: Object of type `object` has no attribute `final_result_amount`,1
unresolved-attribute,unresolved-attribute: Object of type `object` has no attribute `limit`,1
unresolved-attribute,unresolved-attribute: Object of type `object` has no attribute `local_recurrence_amount`,1
unresolved-attribute,unresolved-attribute: Object of type `object` has no attribute `model_dump`,1
unresolved-attribute,unresolved-attribute: Object of type `object` has no attribute `modelo`,1
unresolved-attribute,unresolved-attribute: Object of type `object` has no attribute `operator_explanation`,1
unresolved-attribute,unresolved-attribute: Object of type `object` has no attribute `output_root`,1
unresolved-attribute,unresolved-attribute: Object of type `object` has no attribute `override_amount`,1
unresolved-attribute,unresolved-attribute: Object of type `object` has no attribute `pending_for_later_amount`,1
unresolved-attribute,unresolved-attribute: Object of type `object` has no attribute `period_result_amount`,1
unresolved-attribute,unresolved-attribute: Object of type `object` has no attribute `presented_at`,1
unresolved-attribute,unresolved-attribute: Object of type `object` has no attribute `prior_pending_amount`,1
unresolved-attribute,unresolved-attribute: Object of type `object` has no attribute `provenance`,1
unresolved-attribute,unresolved-attribute: Object of type `object` has no attribute `reason_identity`,1
unresolved-attribute,unresolved-attribute: Object of type `object` has no attribute `remaining_amount`,1
unresolved-attribute,unresolved-attribute: Object of type `object` has no attribute `selected_amount`,1
unresolved-attribute,unresolved-attribute: Object of type `object` has no attribute `selected_authority`,1
unresolved-attribute,unresolved-attribute: Object of type `object` has no attribute `source_evidence_id`,1
unresolved-attribute,unresolved-attribute: Object of type `object` has no attribute `source_key`,1
unresolved-attribute,unresolved-attribute: Object of type `object` has no attribute `source_kind`,1
unresolved-attribute,unresolved-attribute: Object of type `object` has no attribute `source_locator`,1
unresolved-attribute,unresolved-attribute: Object of type `object` has no attribute `source_observation_key`,1
unresolved-attribute,unresolved-attribute: Object of type `object` has no attribute `source_period`,1
unresolved-attribute,unresolved-attribute: Object of type `object` has no attribute `source`,1
unresolved-attribute,unresolved-attribute: Object of type `object` has no attribute `stale_wallet`,1
unresolved-attribute,unresolved-attribute: Object of type `object` has no attribute `status`,1
unresolved-attribute,unresolved-attribute: Object of type `object` has no attribute `target_period`,1
unresolved-attribute,unresolved-attribute: Object of type `object` has no attribute `target_year`,1
unresolved-attribute,unresolved-attribute: Object of type `object` has no attribute `today`,1
unresolved-attribute,unresolved-attribute: Object of type `object` has no attribute `url`,1
unresolved-attribute,unresolved-attribute: Object of type `object` has no attribute `values`,1
unresolved-attribute,unresolved-attribute: Object of type `object` has no attribute `wallet_amount`,1
unresolved-attribute,unresolved-attribute: Object of type `object` has no attribute `wallet_captured_at`,1
unresolved-attribute,unresolved-attribute: Object of type `stmt` has no attribute `value`,1
unresolved-attribute,unresolved-attribute: Object of type `str` has no attribute `value`,1
unresolved-attribute,"unresolved-attribute: Object of type `tuple[ModeloDefinition, RegistryCatalogues]` has no attribute `id`",1
unresolved-attribute,"unresolved-attribute: Object of type `tuple[str, Any]` has no attribute `revisions`",1
unresolved-attribute,unresolved-attribute: Object of type `~None` has no attribute `action`,1
unresolved-attribute,unresolved-attribute: Object of type `~None` has no attribute `argument_bindings`,1
unresolved-attribute,unresolved-attribute: Object of type `~None` has no attribute `conditionality`,1
unresolved-attribute,unresolved-attribute: Object of type `~None` has no attribute `no_recovery_outcome`,1
unresolved-import,unresolved-import: Cannot resolve imported module `.....application.workflow.active_profile` - did you mean `....application.workflow.active_profile`?,1
unresolved-import,unresolved-import: Cannot resolve imported module `.....application.workflow.state_models` - did you mean `....application.workflow.state_models`?,1
unresolved-import,unresolved-import: Cannot resolve imported module `.....core.bucket_pointer` - did you mean `....core.bucket_pointer`?,1
unresolved-import,unresolved-import: Cannot resolve imported module `.....core.config` - did you mean `....core.config`?,1
unresolved-import,unresolved-import: Cannot resolve imported module `.....core.errors.error_codes` - did you mean `....core.errors.error_codes`?,1
unresolved-import,unresolved-import: Cannot resolve imported module `.....core.errors.hierarchy` - did you mean `....core.errors.hierarchy`?,1
unresolved-import,unresolved-import: Cannot resolve imported module `.....core.external_constants` - did you mean `....core.external_constants`?,1
unresolved-import,unresolved-import: Cannot resolve imported module `.....core.profile_session` - did you mean `....core.profile_session`?,1
unresolved-import,unresolved-import: Module `cadrumo.application.filing.draft_construction` has no member `_refuse_unsupported_filing_year`,1
unresolved-import,unresolved-import: Module `cadrumo.application.wizard.catalogue` has no member `_IVA_BLOCK_CLAIMED`,1
unresolved-import,unresolved-import: Module `cadrumo.application.wizard.descendant_group` has no member `DESCENDANTS_COUNT_PAGE`,1
unresolved-import,unresolved-import: Module `cadrumo.application.wizard.descendant_group` has no member `DESCENDANT_GROUP`,1
unresolved-import,unresolved-import: Module `cadrumo.domain.calculations.registry.authority_artifact` has no member `AuthorityArtifactIntegrityError`,1
unresolved-import,unresolved-import: Module `cadrumo.domain.calculations.registry.authority_artifact` has no member `_decode_artifact`,1
unresolved-import,unresolved-import: Module `cadrumo.domain.calculations.registry.authority_artifact` has no member `_encode_artifact`,1
unresolved-import,unresolved-import: Module `cadrumo.domain.calculations.registry.authority_artifact` has no member `read_authority_artifact`,1
unresolved-import,unresolved-import: Module `cadrumo.domain.calculations.registry.authority_artifact` has no member `read_shared_authority_artifact`,1
unresolved-import,unresolved-import: Module `cadrumo.domain.calculations.registry.authority_artifact` has no member `write_authority_artifact`,1
unresolved-import,unresolved-import: Module `cadrumo.domain.calculations.registry.authority` has no member `bundled_authority_artifact_path`,1
unresolved-import,unresolved-import: Module `dev.registry.pipeline.authority_publication` has no member `authority_artifact_currency`,1
unresolved-import,unresolved-import: Module `dev.registry.pipeline.authority_publication` has no member `publish_validated_authority_candidate`,1
unresolved-import,unresolved-import: Module `dev.registry.pipeline.cli` has no member `publish_authority_candidate_workflow`,1
unresolved-reference,unresolved-reference: Name `SensitivityClass` used when not defined,1
unresolved-reference,unresolved-reference: Name `UTC` used when not defined,1
unresolved-reference,unresolved-reference: Name `_transaction` used when not defined,1
unresolved-reference,unresolved-reference: Name `compiled_bundled_authority` used when not defined,1
unresolved-reference,unresolved-reference: Name `datetime` used when not defined,1
unresolved-reference,unresolved-reference: Name `load_governed_facts` used when not defined,1
unresolved-reference,unresolved-reference: Name `today` used when not defined,1
unsound-assignment,unsound-assignment: Unsound assignment: `Any` is not a subtype of `OperationPersistedSnapshot | None`,1
unsound-assignment,unsound-assignment: Unsound assignment: `Unknown` is not a subtype of `IvaDeductionFactKind | None`,1
unsound-assignment,"unsound-assignment: Unsound assignment: `Unknown` is not a subtype of `Mapping[str, LegalReference] | None`",1
unsound-assignment,"unsound-assignment: Unsound assignment: `Unknown` is not a subtype of `dict[str, object]`",1
unsound-assignment,unsound-assignment: Unsound assignment: `Unknown` is not a subtype of `type[BaseModel]`,1
unsound-assignment,"unsound-assignment: Unsound assignment: `dict[Modelo, Unknown]` is not a subtype of `Mapping[Modelo, str]`",1
unsound-assignment,unsound-assignment: Unsound assignment: `frozenset[Unknown | str]` is not a subtype of `frozenset[str]`,1
unsound-assignment,unsound-assignment: Unsound assignment: `frozenset[Unknown]` is not a subtype of `frozenset[IvaCategory]`,1
unsound-assignment,unsound-assignment: Unsound assignment: `frozenset[Unknown]` is not a subtype of `frozenset[str]`,1
unsound-assignment,unsound-assignment: Unsound assignment: `frozenset[str] | frozenset[Unknown]` is not a subtype of `frozenset[str]`,1
unsound-assignment,unsound-assignment: Unsound assignment: `list[Unknown]` is not a subtype of `list[str]`,1
unsound-assignment,"unsound-assignment: Unsound assignment: `tuple[None, Unknown, Unknown]` is not a subtype of `tuple[EUMemberState | None, ...]`",1
unsound-assignment,"unsound-assignment: Unsound assignment: `tuple[tuple[Literal[""España""], Literal[""35001""], Literal[EstablishmentRung.SPANISH_POSTAL_CODE], Unknown], tuple[Literal[""España""], Literal[""28013""], Literal[EstablishmentRung.SPANISH_POSTAL_CODE], Unknown], tuple[Literal[""España""], None, None, None], tuple[Literal[""France""], Literal[""75001""], Literal[EstablishmentRung.ADDRESS_COUNTRY], Unknown], tuple[Literal[""Alemania""], Literal[""10115""], Literal[EstablishmentRung.ADDRESS_COUNTRY], Unknown], tuple[None, Literal[""28013""], None, None]]` is not a subtype of `tuple[tuple[str | None, str | None, EstablishmentRung | None, IvaTerritorialScope | None], ...]`",1
unsound-assignment,"unsound-assignment: Unsound assignment: `tuple[tuple[Literal[""expense-office""], date, Unknown, Decimal], tuple[Literal[""expense-software""], date, Unknown, Decimal], tuple[Literal[""expense-phone""], date, Unknown, Decimal], tuple[Literal[""expense-advisory""], date, Unknown, Decimal]]` is not a subtype of `tuple[tuple[str, date, SpendingCategory, Decimal], ...]`",1
unsound-assignment,"unsound-assignment: Unsound assignment: `tuple[tuple[Literal[""reta-titular""], Decimal, Unknown], tuple[Literal[""gastos-financieros""], Decimal, Unknown], tuple[Literal[""tributos-no-estatales""], Decimal, Unknown], tuple[Literal[""reparaciones-conservacion""], Decimal, Unknown]]` is not a subtype of `tuple[tuple[str, Decimal, SpendingCategory], ...]`",1
unsound-assignment,"unsound-assignment: Unsound assignment: `tuple[tuple[Unknown, Decimal, Unknown], tuple[Unknown, Decimal, Unknown], tuple[Unknown, Decimal, Unknown]]` is not a subtype of `tuple[tuple[IvaCategory, Decimal, IvaRateKind], ...]`",1
unsound-assignment,"unsound-assignment: Unsound assignment: `tuple[tuple[Unknown, Unknown, Unknown], tuple[Unknown, Unknown, Unknown], tuple[Unknown, Unknown, Unknown], tuple[Unknown, Unknown, Unknown], tuple[Unknown, Unknown, Unknown]]` is not a subtype of `tuple[tuple[IvaRate, IvaCategory, IvaRateKind], ...]`",1
unsound-assignment,"unsound-assignment: Unsound assignment: `tuple[tuple[Unknown, Unknown], tuple[Unknown, Unknown]]` is not a subtype of `tuple[tuple[IvaCategory, IvaRateKind], ...]`",1
unsound-assignment,"unsound-assignment: Unsound assignment: `tuple[tuple[Unknown, tuple[Literal[""potential domestic reverse charge""], Literal[""verify the operation evidence""], Literal[""supply the self-assessed""]]], tuple[Unknown, tuple[Literal[""potential intra-community supply""], Literal[""verify the customer IVA ID""], Literal[""reporting evidence""]]], tuple[Unknown, tuple[Literal[""potential intra-community acquisition""], Literal[""verify the acquisition evidence""], Literal[""self-assessed base""]]], tuple[Unknown, tuple[Literal[""potential intra-community triangulation""], Literal[""verify the triangulation conditions""]]]]` is not a subtype of `tuple[tuple[IvaCategory, tuple[str, ...]], ...]`",1
unsound-assignment,"unsound-assignment: Unsound assignment: `tuple[tuple[Unknown, tuple[Literal[""potential export""], Literal[""verify the export evidence""], Literal[""before treating it as zero-rated""]]], tuple[Unknown, tuple[Literal[""potential operation assimilated to an export""], Literal[""verify the qualifying""], Literal[""before treating it as exempt""]]]]` is not a subtype of `tuple[tuple[IvaCategory, tuple[str, ...]], ...]`",1
unsound-return-statement,unsound-return-statement: Unsound return statement: `(Any & ~AlwaysTruthy) | bool` is not a subtype of `bool`,1
unsound-return-statement,"unsound-return-statement: Unsound return statement: `(Any & ~None) | dict[str, str | dict[str, LocaleNode] | None]` is not a subtype of `dict[str, LocaleNode]`",1
unsound-return-statement,"unsound-return-statement: Unsound return statement: `(Unknown & Mapping[Unknown, Unknown]) | dict[str, Unknown]` is not a subtype of `Mapping[str, object]`",1
unsound-return-statement,unsound-return-statement: Unsound return statement: `(str & ~AlwaysFalsy) | (Unknown & ~AlwaysFalsy) | None` is not a subtype of `str | None`,1
unsound-return-statement,unsound-return-statement: Unsound return statement: `Any & ~None` is not a subtype of `OperationId`,1
unsound-return-statement,unsound-return-statement: Unsound return statement: `Any & ~None` is not a subtype of `OperationPersistedSnapshot`,1
unsound-return-statement,"unsound-return-statement: Unsound return statement: `Any & ~None` is not a subtype of `dict[str, str] | None`",1
unsound-return-statement,unsound-return-statement: Unsound return statement: `Any & ~None` is not a subtype of `timedelta`,1
unsound-return-statement,"unsound-return-statement: Unsound return statement: `Any | None` is not a subtype of `tuple[str, ...] | None`",1
unsound-return-statement,unsound-return-statement: Unsound return statement: `Any` is not a subtype of `OperationConsumedInteraction`,1
unsound-return-statement,unsound-return-statement: Unsound return statement: `Any` is not a subtype of `OperationDefinition`,1
unsound-return-statement,unsound-return-statement: Unsound return statement: `Any` is not a subtype of `OperationResponseToken`,1
unsound-return-statement,unsound-return-statement: Unsound return statement: `Any` is not a subtype of `OperationTransientFinancialOperandDelivery`,1
unsound-return-statement,unsound-return-statement: Unsound return statement: `Any` is not a subtype of `datetime | None`,1
unsound-return-statement,unsound-return-statement: Unsound return statement: `Any` is not a subtype of `frozenset[OperationResponseIntent]`,1
unsound-return-statement,unsound-return-statement: Unsound return statement: `Any` is not a subtype of `list[object]`,1
unsound-return-statement,unsound-return-statement: Unsound return statement: `Any` is not a subtype of `str`,1
unsound-return-statement,"unsound-return-statement: Unsound return statement: `Any` is not a subtype of `tuple[str, ...]`",1
unsound-return-statement,unsound-return-statement: Unsound return statement: `Literal[False] | Any` is not a subtype of `bool`,1
unsound-return-statement,unsound-return-statement: Unsound return statement: `Literal[True] | Unknown` is not a subtype of `bool`,1
unsound-return-statement,"unsound-return-statement: Unsound return statement: `MappingProxyType[str, Unknown]` is not a subtype of `Mapping[str, RegistryValidityWindow]`",1
unsound-return-statement,"unsound-return-statement: Unsound return statement: `Mapping[Unknown, Unknown] | None` is not a subtype of `Mapping[str, object] | None`",1
unsound-return-statement,unsound-return-statement: Unsound return statement: `Unknown | str | None` is not a subtype of `str | None`,1
unsound-return-statement,unsound-return-statement: Unsound return statement: `Unknown | str` is not a subtype of `str | None`,1
unsound-return-statement,unsound-return-statement: Unsound return statement: `Unknown` is not a subtype of `AuthorityArtifact`,1
unsound-return-statement,unsound-return-statement: Unsound return statement: `Unknown` is not a subtype of `CoordinateT@OrderedSupportEnvelope | None`,1
unsound-return-statement,unsound-return-statement: Unsound return statement: `Unknown` is not a subtype of `ModeloWorkspaceProjectionV1`,1
unsound-return-statement,unsound-return-statement: Unsound return statement: `Unknown` is not a subtype of `ResolvedPreconditionAction`,1
unsound-return-statement,unsound-return-statement: Unsound return statement: `Unknown` is not a subtype of `UserProfileRecord`,1
unsound-return-statement,unsound-return-statement: Unsound return statement: `Unknown` is not a subtype of `WizardFlow`,1
unsound-return-statement,unsound-return-statement: Unsound return statement: `Unknown` is not a subtype of `frozenset[IvaSettlementSide]`,1
unsound-return-statement,unsound-return-statement: Unsound return statement: `_Declaration` is not a subtype of `FiledRegisterDeclarationProtocol`,1
unsound-return-statement,unsound-return-statement: Unsound return statement: `_InMemoryFilingCatalogue | Unknown` is not a subtype of `_InMemoryFilingCatalogue`,1
unsound-return-statement,unsound-return-statement: Unsound return statement: `_IvaRegistryToken | Unknown` is not a subtype of `_IvaRegistryToken`,1
unsound-return-statement,"unsound-return-statement: Unsound return statement: `dict[str | Unknown, object]` is not a subtype of `dict[str, object]`",1
unsound-return-statement,"unsound-return-statement: Unsound return statement: `dict[str, Any]` is not a subtype of `dict[str, TerritoryCarveOut]`",1
unsound-return-statement,unsound-return-statement: Unsound return statement: `frozenset[Any]` is not a subtype of `frozenset[str]`,1
unsound-return-statement,unsound-return-statement: Unsound return statement: `frozenset[Unknown | str]` is not a subtype of `frozenset[str]`,1
unsound-return-statement,unsound-return-statement: Unsound return statement: `frozenset[Unknown] | frozenset[str]` is not a subtype of `frozenset[str]`,1
unsound-return-statement,unsound-return-statement: Unsound return statement: `frozenset[Unknown]` is not a subtype of `frozenset[_IvaRegistryToken]`,1
unsound-return-statement,unsound-return-statement: Unsound return statement: `frozenset[str | Any]` is not a subtype of `Iterable[str]`,1
unsound-return-statement,unsound-return-statement: Unsound return statement: `set[str | Any]` is not a subtype of `set[str]`,1
unsound-return-statement,"unsound-return-statement: Unsound return statement: `tuple[(Unknown & str) | None, Mapping[Unknown, Unknown], Literal[""provider_union""]]` is not a subtype of `tuple[str | None, Mapping[str, object], str]`",1
unsound-return-statement,"unsound-return-statement: Unsound return statement: `tuple[Any, Any, Any]` is not a subtype of `tuple[str, int, ContentDigest]`",1
unsound-return-statement,"unsound-return-statement: Unsound return statement: `tuple[Any, Any]` is not a subtype of `tuple[OperationLeaseObservation, datetime]`",1
unsound-return-statement,"unsound-return-statement: Unsound return statement: `tuple[Any, str]` is not a subtype of `tuple[bool, str]`",1
unsound-return-statement,"unsound-return-statement: Unsound return statement: `tuple[Any, str]` is not a subtype of `tuple[str, str]`",1
unsound-return-statement,"unsound-return-statement: Unsound return statement: `tuple[None | Unknown, None | Unknown]` is not a subtype of `tuple[str | None, str | None]`",1
unsound-return-statement,"unsound-return-statement: Unsound return statement: `tuple[Unknown & Mapping[Unknown, Unknown], ...]` is not a subtype of `tuple[Mapping[str, object], ...]`",1
unsound-return-statement,"unsound-return-statement: Unsound return statement: `tuple[Unknown & dict[Unknown, Unknown], ...]` is not a subtype of `tuple[dict[str, object], ...]`",1
unsound-return-statement,"unsound-return-statement: Unsound return statement: `tuple[Unknown | str, ...]` is not a subtype of `tuple[str, ...]`",1
unsound-return-statement,"unsound-return-statement: Unsound return statement: `tuple[Unknown, ...]` is not a subtype of `tuple[str, ...]`",1
unsound-return-statement,"unsound-return-statement: Unsound return statement: `tuple[dict[str, Any], None]` is not a subtype of `tuple[dict[str, object] | None, str | None]`",1
unsound-return-statement,"unsound-return-statement: Unsound return statement: `tuple[dict[str, Decimal | Unknown], tuple[BindingId, ...]]` is not a subtype of `tuple[dict[BindingId, Decimal], tuple[BindingId, ...]]`",1
unsound-return-statement,"unsound-return-statement: Unsound return statement: `tuple[dict[str, set[Unknown]], set[str]]` is not a subtype of `tuple[dict[str, set[str]], set[str]]`",1
unsound-return-statement,"unsound-return-statement: Unsound return statement: `tuple[dict[str, str | Unknown], dict[str, Decimal]]` is not a subtype of `tuple[dict[str, str], dict[str, Decimal]]`",1
unsound-return-statement,"unsound-return-statement: Unsound return statement: `tuple[int, str | Any, str | int | Decimal | date]` is not a subtype of `tuple[int, str, object] | None`",1
unsound-return-statement,"unsound-return-statement: Unsound return statement: `tuple[str | Any, ...]` is not a subtype of `tuple[str, ...]`",1
unsound-return-statement,"unsound-return-statement: Unsound return statement: `tuple[str | Any, str]` is not a subtype of `tuple[str, str]`",1
unsound-return-statement,"unsound-return-statement: Unsound return statement: `tuple[str | None, Mapping[Unknown, Unknown] | dict[str, Unknown], Literal[""source_selector_legacy"", ""unclassified""]]` is not a subtype of `tuple[str | None, Mapping[str, object], str]`",1
unsound-return-statement,"unsound-return-statement: Unsound return statement: `tuple[str, ...] | None | Unknown` is not a subtype of `tuple[str, ...] | None`",1
unsound-return-statement,"unsound-return-statement: Unsound return statement: `tuple[str, Any]` is not a subtype of `tuple[str | None, dict[str, object] | None]`",1
unsupported-operator,unsupported-operator: Operator `<=` is not supported between objects of type `CoordinateT@OrderedSupportEnvelope` and `CoordinateT@OrderedSupportEnvelope & ~None`,1
unsupported-operator,unsupported-operator: Operator `<` is not supported between objects of type `T@_validate_support_bounds & ~None` and `T@_validate_support_bounds`,1
unsupported-operator,unsupported-operator: Operator `<` is not supported between two objects of type `CoordinateT@OrderedSupportEnvelope`,1
unsupported-operator,unsupported-operator: Operator `<` is not supported between two objects of type `T@_validate_support_bounds`,1
unsupported-operator,"unsupported-operator: Operator `in` is not supported between objects of type `Literal[""aeat-dr-200-2024""]` and `str | None`",1
unsupported-operator,unsupported-operator: Operator `not in` is not supported between two objects of type `object`,1
